Pays,Quarantaine
Pays1997,5118
Pays865,4412
Pays924,3042
Pays2629,5205
Pays4365,4676
Pays745,4274
Pays4147,7032
Pays1409,3880
Pays541,4042
Pays3174,4068
Pays1204,6641
Pays2860,4977
Pays2477,7244
Pays3991,6366
Pays2066,5958
Pays3641,1231
Pays4879,5403
Pays1700,2953
Pays2092,5583
Pays860,5043
Pays1119,2822
Pays4833,7097
Pays4495,6135
Pays1588,3367
Pays1830,7611
Pays936,4199
Pays1153,2875
Pays2516,5003
Pays2251,4004
Pays4217,7021
Pays1291,2019
Pays4429,4802
Pays3944,5581
Pays66,1692
Pays3587,4770
Pays4692,4574
Pays181,4658
Pays1395,2612
Pays795,2428
Pays3186,1283
Pays251,3812
Pays3694,6723
Pays1851,8516
Pays1996,2713
Pays2489,7152
Pays3001,6094
Pays783,6941
Pays853,5918
Pays6,1837
Pays241,6123
Pays3297,6149
Pays367,4661
Pays3223,9153
Pays3514,3989
Pays3373,5232
Pays40,3030
Pays341,4392
Pays2747,4061
Pays3379,4810
Pays1439,4147
Pays2221,7204
Pays883,5805
Pays2981,10413
Pays2376,5214
Pays2602,3076
Pays2785,2754
Pays2561,1980
Pays1043,5237
Pays648,3448
Pays4877,3961
Pays1167,4639
Pays4678,5653
Pays2626,7328
Pays1784,3906
Pays1999,7435
Pays3827,4433
Pays2108,6590
Pays4239,5072
Pays1252,5292
Pays4480,4159
Pays2499,7133
Pays2770,7724
Pays4226,5428
Pays3484,4850
Pays1660,5752
Pays4948,5844
Pays1704,4228
Pays4945,4948
Pays2650,8303
Pays3128,4187
Pays3320,1341
Pays2574,4657
Pays1279,4487
Pays4020,5713
Pays3039,4462
Pays486,3516
Pays2496,3683
Pays2606,4318
Pays3500,7109
Pays521,4410
Pays2186,6178
Pays4127,6963
Pays3534,6012
Pays4816,5979
Pays4438,2977
Pays4851,4522
Pays313,3699
Pays4292,4324
Pays3121,4558
Pays4107,5613
Pays3299,2544
Pays4711,1545
Pays3120,5496
Pays2452,4785
Pays4994,4956
Pays1498,6204
Pays3248,2161
Pays2403,4609
Pays1663,3860
Pays4487,3226
Pays1636,5872
Pays2162,3485
Pays3739,7373
Pays807,1946
Pays981,2923
Pays1040,6154
Pays3446,5432
Pays4218,7154
Pays960,7389
Pays2963,2559
Pays1689,4500
Pays4793,3673
Pays2109,6779
Pays4683,5766
Pays2544,6329
Pays1320,7875
Pays3878,2571
Pays219,2741
Pays4213,5972
Pays877,3613
Pays4403,5090
Pays3300,3638
Pays4110,5376
Pays4676,5239
Pays627,5405
Pays12,1350
Pays3690,4155
Pays4405,9129
Pays4074,6034
Pays3322,2331
Pays3022,4236
Pays193,2262
Pays698,4914
Pays898,5570
Pays3294,4054
Pays1074,3704
Pays2106,6105
Pays2153,4669
Pays4629,7116
Pays3485,9364
Pays4850,5936
Pays975,6904
Pays1088,7443
Pays4983,7756
Pays4151,5025
Pays1671,5742
Pays2774,5123
Pays3212,6118
Pays4969,2849
Pays451,5101
Pays1126,3552
Pays3392,5667
Pays1991,4740
Pays4522,6000
Pays2941,4501
Pays3805,4302
Pays4691,2508
Pays1955,5783
Pays2391,6201
Pays2431,5209
Pays2276,2538
Pays2420,6120
Pays1315,4812
Pays2130,4648
Pays2256,6323
Pays2455,6701
Pays1613,2547
Pays2445,1925
Pays1240,6275
Pays365,4211
Pays1102,4728
Pays902,3908
Pays812,3549
Pays2541,3978
Pays3584,7691
Pays1447,5624
Pays2076,5262
Pays4419,6703
Pays4809,7265
Pays2400,3709
Pays697,5355
Pays1709,5980
Pays356,3833
Pays3134,5912
Pays2884,3595
Pays3045,3999
Pays4636,5460
Pays4785,3286
Pays4311,5116
Pays1182,3026
Pays2311,6625
Pays3247,6092
Pays201,5797
Pays4331,5061
Pays2331,4243
Pays221,7239
Pays2034,6059
Pays4457,4904
Pays4352,3742
Pays4661,4707
Pays4502,3971
Pays4146,6646
Pays1836,1914
Pays3591,5522
Pays1324,5405
Pays2105,4983
Pays3432,2808
Pays3625,2936
Pays2056,2942
Pays3331,4273
Pays4474,4064
Pays71,3289
Pays3291,4348
Pays3046,8948
Pays4362,4042
Pays519,2514
Pays1526,4462
Pays4180,3522
Pays3851,6470
Pays1534,4841
Pays408,1501
Pays2542,6429
Pays4598,6702
Pays1721,5291
Pays2088,7790
Pays2386,3262
Pays3062,3785
Pays1065,3894
Pays1878,1803
Pays1186,5404
Pays4496,7771
Pays1321,3845
Pays1357,3526
Pays2138,2735
Pays2787,4292
Pays3555,8406
Pays1845,4368
Pays3861,9264
Pays455,4430
Pays3852,8321
Pays4907,5274
Pays3463,3926
Pays941,4124
Pays2786,3537
Pays3027,3230
Pays668,4137
Pays555,5121
Pays4486,3490
Pays3495,8549
Pays329,1450
Pays3521,3725
Pays4615,4938
Pays3154,4408
Pays3606,5235
Pays875,4477
Pays1454,6605
Pays4012,3745
Pays3902,8282
Pays4519,4458
Pays4862,7087
Pays3956,5350
Pays4272,9498
Pays3528,4192
Pays1418,5844
Pays4812,6326
Pays1025,3679
Pays779,4714
Pays3886,4292
Pays150,5000
Pays825,4476
Pays1353,7640
Pays725,7045
Pays4682,7154
Pays4762,3161
Pays60,5096
Pays2581,5182
Pays3804,2883
Pays4808,4910
Pays818,5118
Pays2263,2750
Pays3034,7839
Pays3345,5852
Pays4536,8395
Pays1840,3997
Pays84,4164
Pays596,2179
Pays2137,5642
Pays1236,4483
Pays2797,5124
Pays186,3499
Pays0,0
Pays149,4801
Pays1414,2428
Pays2678,4656
Pays1858,4338
Pays4064,4640
Pays3639,6261
Pays2896,5486
Pays1398,7493
Pays485,3805
Pays685,3628
Pays1876,5472
Pays3318,3901
Pays1855,3830
Pays1960,6203
Pays4914,4573
Pays31,3005
Pays3418,6234
Pays2543,4454
Pays2393,5432
Pays373,1211
Pays4493,4505
Pays1637,7409
Pays4981,4888
Pays1763,3362
Pays4393,4401
Pays4905,6374
Pays1208,7483
Pays2769,4550
Pays140,5440
Pays3722,6779
Pays39,1989
Pays2356,7922
Pays2341,6412
Pays4915,8450
Pays4871,5828
Pays2725,6625
Pays153,2026
Pays497,8946
Pays1448,4159
Pays320,4918
Pays1311,4430
Pays3767,6533
Pays254,4275
Pays275,2650
Pays4139,5366
Pays1885,3524
Pays3542,2255
Pays1507,4975
Pays1809,7190
Pays4961,8437
Pays2139,5047
Pays3647,7542
Pays2388,2469
Pays2749,5093
Pays727,5462
Pays683,4167
Pays724,4963
Pays169,3404
Pays4648,4876
Pays852,1911
Pays112,5250
Pays462,3208
Pays1114,4031
Pays1166,3458
Pays554,2906
Pays1567,3546
Pays3819,5510
Pays101,3296
Pays2040,5080
Pays4845,4377
Pays532,3657
Pays4323,3573
Pays58,1378
Pays467,4183
Pays2549,2324
Pays29,1836
Pays1289,4840
Pays1582,3673
Pays4701,1886
Pays1750,4005
Pays4317,6765
Pays706,5048
Pays2964,4815
Pays4004,7292
Pays2585,8163
Pays4117,6967
Pays3864,4694
Pays3631,2077
Pays2762,4945
Pays57,3829
Pays1196,7479
Pays4504,5163
Pays4283,7555
Pays4787,6398
Pays671,5571
Pays1762,4724
Pays314,7920
Pays1590,6379
Pays2404,2832
Pays2569,7202
Pays3142,4975
Pays2986,5177
Pays3538,9023
Pays2952,4973
Pays1674,5079
Pays3619,4926
Pays393,2585
Pays1699,4452
Pays3662,6400
Pays282,4119
Pays392,4014
Pays742,3085
Pays4760,2808
Pays33,916
Pays469,2974
Pays2131,5987
Pays2736,2358
Pays3239,4715
Pays1607,5588
Pays2396,5656
Pays2890,5310
Pays2439,5021
Pays1935,7691
Pays3127,3318
Pays1696,5165
Pays2427,4254
Pays3200,4166
Pays857,6258
Pays1078,5395
Pays2292,4859
Pays3459,2939
Pays836,3476
Pays431,3133
Pays2456,6010
Pays141,3050
Pays675,4667
Pays2798,4653
Pays1983,5882
Pays861,4622
Pays3422,6813
Pays1031,4757
Pays1724,6525
Pays3552,8850
Pays296,1272
Pays23,2774
Pays2687,4229
Pays3187,5647
Pays3585,7122
Pays3842,4044
Pays2675,3897
Pays53,4693
Pays4018,3577
Pays3737,8001
Pays4569,3352
Pays1947,6704
Pays2250,6554
Pays787,6713
Pays4031,8300
Pays4199,8769
Pays4873,3663
Pays749,374
Pays2084,7751
Pays3182,8605
Pays2097,3314
Pays2007,3688
Pays4908,2853
Pays3853,7785
Pays1302,4349
Pays25,2106
Pays610,5094
Pays1811,2133
Pays2264,5707
Pays3369,5584
Pays4280,5113
Pays2758,8515
Pays3777,4656
Pays806,4410
Pays3050,4137
Pays3879,5761
Pays2082,5210
Pays4396,4108
Pays4245,5059
Pays425,5835
Pays3296,4919
Pays4166,4108
Pays2809,7195
Pays4187,3124
Pays4552,4395
Pays1023,8058
Pays3958,6274
Pays3539,5571
Pays3610,8020
Pays2697,3106
Pays2794,5229
Pays3360,3502
Pays4995,3556
Pays3731,3663
Pays3734,1884
Pays3078,5106
Pays1917,6663
Pays560,6347
Pays4720,6481
Pays340,5699
Pays256,7263
Pays4454,5893
Pays665,6574
Pays3881,6048
Pays605,6525
Pays817,5038
Pays2417,5389
Pays3491,2766
Pays2144,3535
Pays3646,6370
Pays2176,5573
Pays2,444
Pays1122,3144
Pays2826,9269
Pays2009,2881
Pays174,2903
Pays3653,2915
Pays4072,7315
Pays2202,5095
Pays3586,7078
Pays1429,3184
Pays2667,6083
Pays1499,3946
Pays4415,4017
Pays4301,3689
Pays873,2556
Pays2444,4045
Pays3807,5236
Pays4706,6147
Pays994,5564
Pays2309,4604
Pays1207,4399
Pays4184,3978
Pays600,2779
Pays1710,3421
Pays1799,8853
Pays3618,5775
Pays3726,4143
Pays3738,7895
Pays3356,3761
Pays1261,4352
Pays1198,2241
Pays391,4345
Pays4193,6420
Pays4232,2988
Pays337,2895
Pays1341,8197
Pays74,4584
Pays1351,4369
Pays4479,4859
Pays3016,6974
Pays1580,1656
Pays1788,10187
Pays2556,7234
Pays4963,3888
Pays4840,4932
Pays1783,5948
Pays3719,9865
Pays3844,5548
Pays1457,3625
Pays3409,6183
Pays4863,3105
Pays1318,3525
Pays3987,5310
Pays984,2993
Pays4068,2234
Pays507,3996
Pays3395,6610
Pays2720,5927
Pays1107,5687
Pays2213,4722
Pays3526,4902
Pays4238,4226
Pays61,3548
Pays3825,5979
Pays2280,4027
Pays1274,9331
Pays2451,3934
Pays1458,2245
Pays1642,6647
Pays4152,8662
Pays4592,3807
Pays1701,4800
Pays3335,8252
Pays4681,5424
Pays4633,6451
Pays2133,3795
Pays2465,5178
Pays116,3919
Pays4751,8504
Pays4188,7220
Pays237,3215
Pays4039,8713
Pays1227,7092
Pays4687,5046
Pays1610,4876
Pays3235,3212
Pays1726,3888
Pays3509,4812
Pays1451,6616
Pays304,4456
Pays4505,3823
Pays65,4274
Pays3758,5789
Pays1459,6140
Pays3525,4459
Pays3715,4121
Pays826,7590
Pays4739,4275
Pays2750,4020
Pays2538,4695
Pays516,4918
Pays2495,5787
Pays3884,6093
Pays49,2490
Pays2919,5649
Pays4607,8277
Pays1218,1883
Pays3889,5308
Pays3901,4802
Pays1286,4642
Pays2214,3870
Pays2990,6090
Pays2713,6022
Pays4088,3135
Pays4148,10166
Pays1683,4428
Pays4890,6970
Pays252,3408
Pays963,5342
Pays3888,3323
Pays1437,5239
Pays4784,7115
Pays2230,3171
Pays440,3754
Pays1892,5527
Pays1216,2703
Pays69,1985
Pays1937,5387
Pays542,4035
Pays2657,9661
Pays2996,3224
Pays3411,4989
Pays226,4308
Pays4219,2191
Pays1804,5538
Pays2394,7432
Pays4732,5759
Pays3043,4242
Pays3887,5244
Pays3507,4975
Pays3725,6682
Pays28,2148
Pays2433,7571
Pays3112,5943
Pays4742,5470
Pays3499,9701
Pays2535,4481
Pays2462,3859
Pays2865,6567
Pays2961,4173
Pays4190,8700
Pays3286,5464
Pays1412,5131
Pays704,2339
Pays1958,8333
Pays4490,6344
Pays4410,5427
Pays1685,4551
Pays3295,3863
Pays4962,6837
Pays233,5311
Pays347,6112
Pays3381,5971
Pays4264,5848
Pays4500,6042
Pays4177,5677
Pays844,3730
Pays917,2314
Pays1537,6716
Pays3859,3754
Pays46,4665
Pays2075,6494
Pays2744,8332
Pays3896,5390
Pays4406,5296
Pays3504,3462
Pays1827,1028
Pays2912,3453
Pays2245,3529
Pays1856,2401
Pays1215,3603
Pays4749,3414
Pays4010,8015
Pays4643,4721
Pays1383,4034
Pays2366,7604
Pays4803,2812
Pays372,2825
Pays1034,2837
Pays2249,5185
Pays2435,5481
Pays3123,9399
Pays2757,6291
Pays869,5391
Pays3779,4090
Pays4342,4519
Pays4140,5581
Pays518,4393
Pays3673,5378
Pays966,4259
Pays3965,6676
Pays622,4350
Pays1514,8072
Pays1106,7319
Pays1256,5715
Pays166,2231
Pays4537,3549
Pays1022,4250
Pays752,3811
Pays1278,5161
Pays2880,6431
Pays1557,2297
Pays2866,4690
Pays3786,8157
Pays3010,5916
Pays2904,4794
Pays4736,6030
Pays1989,3157
Pays2663,5740
Pays4382,4539
Pays3355,6792
Pays259,5609
Pays4221,5404
Pays3329,4409
Pays2285,4862
Pays1253,7126
Pays362,4041
Pays2928,6087
Pays476,4188
Pays235,4940
Pays908,6946
Pays4191,5883
Pays1290,5810
Pays3462,6659
Pays4967,7554
Pays260,1339
Pays2442,7320
Pays4804,3268
Pays2411,6853
Pays1518,4202
Pays1782,2813
Pays4788,5702
Pays2529,3566
Pays1268,5807
Pays1603,5261
Pays4789,7191
Pays1091,2872
Pays1503,4827
Pays4098,2500
Pays4613,6584
Pays3656,7115
Pays2229,5880
Pays3837,7008
Pays3752,7343
Pays3774,5973
Pays3893,4105
Pays3645,7114
Pays4580,3744
Pays4832,5626
Pays2375,4324
Pays4539,4312
Pays2693,3557
Pays3793,9599
Pays1121,6611
Pays4880,6926
Pays571,5558
Pays2179,6316
Pays1854,6027
Pays976,4927
Pays1310,3781
Pays2500,7182
Pays435,3890
Pays4516,5225
Pays4993,4862
Pays3693,7324
Pays2539,5187
Pays4195,6085
Pays715,5911
Pays4243,3908
Pays3190,6427
Pays4233,4784
Pays3113,4795
Pays4063,2059
Pays859,4556
Pays1002,3171
Pays3937,1443
Pays691,2208
Pays4137,3553
Pays1213,9128
Pays3692,3893
Pays4887,8825
Pays2094,5413
Pays925,2332
Pays1737,5513
Pays2262,3703
Pays4251,5284
Pays228,5276
Pays3423,6224
Pays1275,6954
Pays3052,3356
Pays2958,6369
Pays3546,5031
Pays4949,6205
Pays1950,7611
Pays2346,4767
Pays4874,4948
Pays3014,6784
Pays1307,2895
Pays2051,5109
Pays4635,6421
Pays3652,3009
Pays750,3859
Pays549,3676
Pays1551,5535
Pays70,2588
Pays3240,3680
Pays4838,3975
Pays3384,7157
Pays922,8561
Pays1650,5352
Pays2528,3845
Pays138,3281
Pays4294,5924
Pays4371,3665
Pays2169,6996
Pays2297,3542
Pays2936,1515
Pays4672,7192
Pays4512,6449
Pays257,5308
Pays1578,5130
Pays3477,3181
Pays1141,2681
Pays4252,6591
Pays1094,3274
Pays3749,3872
Pays767,3918
Pays3532,3045
Pays281,1421
Pays463,6155
Pays594,4757
Pays3706,4343
Pays317,3242
Pays1495,2067
Pays4775,4218
Pays3651,8358
Pays2577,3233
Pays4123,3035
Pays4609,1682
Pays797,6101
Pays2695,7551
Pays1521,6542
Pays786,4758
Pays383,5509
Pays3479,3361
Pays2505,4669
Pays842,4943
Pays3346,4039
Pays4773,4407
Pays3285,4068
Pays3978,3340
Pays3393,5788
Pays3974,3329
Pays1165,4289
Pays2024,4498
Pays2424,5061
Pays4667,6332
Pays500,5861
Pays2475,5452
Pays1379,5551
Pays3366,4934
Pays911,5792
Pays1405,5568
Pays1137,7463
Pays1233,2406
Pays3180,6042
Pays4121,4134
Pays3814,5948
Pays427,8429
Pays4937,5610
Pays4557,9137
Pays3573,3868
Pays643,2666
Pays3643,3522
Pays17,2200
Pays62,3607
Pays3691,7272
Pays3218,4576
Pays1370,3026
Pays4680,4889
Pays4077,5045
Pays624,4658
Pays2922,5236
Pays2647,2648
Pays4617,6331
Pays1244,9730
Pays295,5521
Pays617,4665
Pays4344,3799
Pays1026,5300
Pays2900,6640
Pays3074,6012
Pays472,3298
Pays180,3835
Pays1506,5640
Pays3547,5360
Pays1384,8387
Pays3812,7927
Pays1559,5246
Pays1651,9488
Pays845,6337
Pays3216,6162
Pays1745,5715
Pays2566,5128
Pays3981,8327
Pays2193,4831
Pays3720,7100
Pays1173,4313
Pays2563,5386
Pays3469,7793
Pays759,4370
Pays639,3583
Pays3241,3650
Pays3021,2788
Pays762,1882
Pays1731,4973
Pays4934,5667
Pays3041,6330
Pays1039,3755
Pays179,3741
Pays4640,5822
Pays930,6969
Pays1785,4692
Pays809,4286
Pays1081,2916
Pays1305,4036
Pays4288,3990
Pays923,5416
Pays2045,4329
Pays4753,4540
Pays1993,4710
Pays1377,5485
Pays3750,2521
Pays4968,6071
Pays2658,6350
Pays956,4506
Pays974,7291
Pays1920,4429
Pays3287,6689
Pays3319,3811
Pays4810,5704
Pays2030,4775
Pays4361,5503
Pays4564,9626
Pays3161,4074
Pays3385,7678
Pays3955,5553
Pays1281,3572
Pays2648,4433
Pays773,4184
Pays2353,3251
Pays1605,5029
Pays3334,4323
Pays2707,6967
Pays4369,3666
Pays531,3816
Pays1446,2407
Pays2983,3088
Pays4781,3526
Pays1797,3577
Pays1386,8125
Pays1914,7013
Pays2225,6859
Pays2178,5630
Pays203,5274
Pays3917,5458
Pays1718,5524
Pays3476,4713
Pays3665,5944
Pays1481,2921
Pays2909,6296
Pays1316,4240
Pays359,4124
Pays2674,5461
Pays2913,3109
Pays2069,2909
Pays2523,3218
Pays1593,4283
Pays3613,3699
Pays959,4667
Pays4551,7202
Pays4126,5408
Pays1076,3566
Pays1036,4101
Pays4646,4073
Pays4211,4835
Pays267,3898
Pays1972,6225
Pays3438,4050
Pays1280,5456
Pays3038,5543
Pays4019,4905
Pays3797,4296
Pays4377,5718
Pays4073,3482
Pays3595,6492
Pays4426,7348
Pays3769,7104
Pays2203,7618
Pays4603,4895
Pays3833,4932
Pays4108,6228
Pays163,6854
Pays3566,5241
Pays460,8206
Pays2533,5885
Pays4666,8426
Pays3194,7273
Pays4044,1984
Pays4650,4978
Pays3398,4824
Pays4417,6125
Pays2790,7092
Pays4665,3820
Pays3209,5272
Pays2277,5263
Pays3340,5473
Pays3148,4145
Pays2464,4119
Pays2032,3312
Pays651,2258
Pays3238,7218
Pays3761,4915
Pays4568,6789
Pays4330,6356
Pays4274,5933
Pays487,2937
Pays2298,8506
Pays1144,5558
Pays4587,4173
Pays3910,6479
Pays200,1978
Pays1480,4338
Pays1475,4204
Pays4270,9895
Pays3414,7059
Pays239,7044
Pays413,3506
Pays1776,6550
Pays2877,5139
Pays4336,4547
Pays2136,1954
Pays1149,4844
Pays677,2629
Pays264,2410
Pays3747,7795
Pays4795,7786
Pays2038,5062
Pays4955,3248
Pays2824,4403
Pays3709,6174
Pays4834,7442
Pays3943,4155
Pays2742,5105
Pays3426,7367
Pays3164,4889
Pays1905,5498
Pays3029,4587
Pays3867,3761
Pays2485,2056
Pays3503,7398
Pays3492,7319
Pays1328,5403
Pays4724,5967
Pays35,4387
Pays997,6624
Pays4715,4326
Pays2173,6783
Pays2358,3965
Pays3710,6337
Pays4047,4551
Pays2104,5138
Pays2546,6140
Pays4901,8247
Pays3143,3918
Pays874,3921
Pays2850,6636
Pays1423,3328
Pays2666,3198
Pays4826,2512
Pays1390,4068
Pays4157,4331
Pays4404,3907
Pays4876,4701
Pays2921,4524
Pays4155,3841
Pays595,4331
Pays3972,1996
Pays3394,7770
Pays2158,2339
Pays1479,4322
Pays660,3586
Pays303,4187
Pays1910,7839
Pays1157,5241
Pays538,2256
Pays3272,3554
Pays890,5908
Pays2752,5788
Pays3313,3530
Pays336,4068
Pays953,3951
Pays4942,4995
Pays828,2270
Pays2180,4086
Pays674,5007
Pays1045,7571
Pays1491,5454
Pays2802,4964
Pays815,3039
Pays4310,3137
Pays183,3849
Pays2837,7751
Pays4947,3250
Pays3872,5777
Pays4254,5816
Pays4528,4856
Pays676,4737
Pays4456,3407
Pays1156,2879
Pays3255,5313
Pays2491,6600
Pays1946,3405
Pays105,5412
Pays3841,5407
Pays900,3887
Pays4548,7752
Pays1005,6305
Pays1231,2669
Pays4305,5928
Pays1963,7652
Pays3402,5817
Pays4379,6941
Pays2241,4942
Pays3880,5720
Pays3196,4689
Pays4335,6887
Pays2253,4445
Pays1267,4703
Pays4042,7665
Pays2862,4419
Pays432,5744
Pays2226,4380
Pays449,2993
Pays1046,3742
Pays3053,6472
Pays3831,5889
Pays3667,2695
Pays4257,4678
Pays4055,4107
Pays2321,5402
Pays1576,3569
Pays3990,3951
Pays1656,2617
Pays1340,7103
Pays4778,4769
Pays1264,5603
Pays3065,5858
Pays2780,4971
Pays85,4256
Pays1118,4282
Pays2157,6335
Pays4606,4021
Pays2370,4361
Pays3025,4504
Pays4350,7225
Pays1465,4496
Pays4954,5858
Pays2698,3319
Pays1595,7012
Pays2534,5161
Pays1408,2615
Pays4627,4524
Pays3165,6037
Pays4135,7455
Pays4327,5480
Pays4805,4515
Pays813,3856
Pays1477,5595
Pays2853,4137
Pays2724,3117
Pays1708,1696
Pays4339,4849
Pays3607,5638
Pays2235,4768
Pays325,4252
Pays265,4651
Pays4889,4949
Pays1544,7920
Pays4225,6566
Pays158,5749
Pays4168,7991
Pays3551,5492
Pays3967,5336
Pays631,4758
Pays526,4234
Pays1678,4391
Pays1066,2943
Pays2023,3273
Pays2190,3995
Pays1,992
Pays10,1929
Pays306,1508
Pays441,2633
Pays2016,1179
Pays4869,7454
Pays4329,2990
Pays4926,4982
Pays319,3549
Pays2841,6889
Pays227,6613
Pays2849,4920
Pays678,6428
Pays3079,8543
Pays1902,5945
Pays3964,8586
Pays4923,5095
Pays2974,3149
Pays3004,4875
Pays4811,5958
Pays1009,5200
Pays240,3514
Pays581,2461
Pays4712,4666
Pays3560,4522
Pays4689,7653
Pays333,6876
Pays2977,4572
Pays4766,3131
Pays2796,4269
Pays2836,6250
Pays4308,5676
Pays778,2229
Pays1232,7837
Pays1744,3794
Pays4348,7574
Pays1812,5923
Pays1896,3121
Pays1129,2781
Pays4468,5662
Pays4757,3155
Pays4628,9966
Pays618,2410
Pays805,2494
Pays4263,6247
Pays3871,7805
Pays3440,4677
Pays3707,5176
Pays4007,4845
Pays4133,4733
Pays1934,3971
Pays97,2815
Pays4052,4629
Pays4748,9650
Pays1326,8554
Pays2616,6503
Pays3132,3986
Pays1714,4146
Pays4572,6196
Pays269,5092
Pays1617,5217
Pays3612,5819
Pays3799,7250
Pays1967,5165
Pays3264,5474
Pays4734,3139
Pays4159,4033
Pays2637,6699
Pays580,4449
Pays2807,5260
Pays3040,6631
Pays3794,4480
Pays4859,6338
Pays38,4514
Pays1134,6230
Pays1371,4470
Pays3629,4870
Pays4298,7670
Pays2074,3030
Pays4951,5463
Pays407,4544
Pays3927,4458
Pays279,3878
Pays2548,3829
Pays3434,7460
Pays2418,4239
Pays2817,4641
Pays4115,5453
Pays1611,2982
Pays3289,8226
Pays2261,2369
Pays3387,8484
Pays3971,4843
Pays4057,4972
Pays3815,7675
Pays3578,6221
Pays2754,5289
Pays4892,4674
Pays3472,3380
Pays4451,5530
Pays1899,8007
Pays3037,7003
Pays1511,6628
Pays1697,9888
Pays2246,9387
Pays2324,6153
Pays948,9289
Pays2315,5998
Pays3177,7021
Pays3952,5898
Pays3006,2273
Pays3537,5354
Pays1608,3866
Pays2266,3076
Pays1344,3377
Pays208,3311
Pays2483,3479
Pays3070,3560
Pays1388,3527
Pays4049,4344
Pays1187,4133
Pays4267,4490
Pays3502,6306
Pays545,3270
Pays4489,6516
Pays2930,2421
Pays3281,4615
Pays2845,3016
Pays4156,6037
Pays2281,6275
Pays1003,2854
Pays307,4714
Pays3407,4096
Pays3447,6025
Pays3608,3709
Pays2994,3507
Pays3431,4614
Pays2903,10871
Pays351,3273
Pays614,4681
Pays2510,5236
Pays262,6709
Pays2525,7290
Pays2721,5519
Pays1349,8805
Pays1547,7057
Pays2763,5988
Pays3439,3230
Pays2003,8423
Pays189,6102
Pays2625,3833
Pays3363,3473
Pays2410,2826
Pays4639,6989
Pays896,3644
Pays1445,6040
Pays3536,6090
Pays52,3082
Pays2885,6584
Pays1400,6054
Pays3984,5922
Pays3202,6416
Pays2325,5765
Pays3868,10269
Pays2982,4435
Pays4033,4922
Pays1828,3990
Pays2709,7189
Pays3349,5728
Pays775,5463
Pays1450,4830
Pays4236,2744
Pays2992,5393
Pays3524,5348
Pays784,6704
Pays3482,7337
Pays3141,2083
Pays2635,5853
Pays4316,4248
Pays2335,6533
Pays2815,4730
Pays2938,5266
Pays3824,3057
Pays3849,4365
Pays2960,6009
Pays3333,7243
Pays2111,5614
Pays75,3818
Pays905,7117
Pays3496,6118
Pays4293,4582
Pays1449,3843
Pays3176,10011
Pays1600,7672
Pays1148,4034
Pays3033,4639
Pays4902,4858
Pays1224,6785
Pays3336,8382
Pays3189,5869
Pays3556,6573
Pays1669,5320
Pays4053,4240
Pays1654,3949
Pays2867,5297
Pays1524,5088
Pays1606,4703
Pays708,3915
Pays1470,5473
Pays4246,3928
Pays1553,4800
Pays2701,5730
Pays1867,4360
Pays988,5977
Pays34,3351
Pays3941,7934
Pays199,2473
Pays1736,6243
Pays4730,7649
Pays2397,5809
Pays1493,3036
Pays370,4157
Pays564,4459
Pays3713,7359
Pays2487,6395
Pays4413,4279
Pays4813,5740
Pays1869,4034
Pays2124,4706
Pays4888,4067
Pays3594,2191
Pays1234,5373
Pays999,3017
Pays837,4591
Pays3921,5872
Pays3789,5764
Pays796,6757
Pays1478,6825
Pays1971,5480
Pays1358,4805
Pays2228,5042
Pays4988,3548
Pays2918,6902
Pays942,9418
Pays2831,10168
Pays1676,4965
Pays3915,3104
Pays2634,5543
Pays4084,1129
Pays4434,9096
Pays2242,6325
Pays4716,8541
Pays558,5687
Pays154,7369
Pays1527,4059
Pays1556,5174
Pays2061,4049
Pays4987,4343
Pays3664,8197
Pays3660,5120
Pays4313,6814
Pays2416,7898
Pays1988,7363
Pays1596,5840
Pays4904,2597
Pays1411,6217
Pays4756,6161
Pays4136,8157
Pays3365,3111
Pays258,1152
Pays615,2117
Pays2923,6337
Pays1356,3654
Pays2422,4390
Pays195,4458
Pays2338,7181
Pays4503,4650
Pays2198,4100
Pays2565,7066
Pays190,2471
Pays3557,6013
Pays4325,4054
Pays3358,7773
Pays3077,1803
Pays1200,4594
Pays1500,2947
Pays3723,4624
Pays4145,6266
Pays2670,5194
Pays3818,6210
Pays2103,3376
Pays4807,7921
Pays1226,2841
Pays1949,2411
Pays323,3458
Pays1887,5810
Pays645,7141
Pays4768,4045
Pays3224,8214
Pays88,805
Pays1508,5535
Pays1728,6083
Pays2345,3138
Pays2614,2852
Pays1317,7594
Pays56,4948
Pays3997,8204
Pays73,3663
Pays630,3243
Pays774,4990
Pays3617,4817
Pays4853,3830
Pays3160,3630
Pays1086,5401
Pays493,3399
Pays4388,6040
Pays694,6285
Pays4542,4959
Pays3680,5344
Pays3721,3926
Pays501,3144
Pays287,3830
Pays1089,6149
Pays2980,8638
Pays4058,3137
Pays1011,3671
Pays2755,2679
Pays4399,6779
Pays223,2898
Pays3260,5860
Pays972,5224
Pays1779,6298
Pays2362,6520
Pays2498,6271
Pays3243,8164
Pays971,4132
Pays2835,7253
Pays255,6559
Pays829,5195
Pays4796,3834
Pays776,4232
Pays3582,3522
Pays4591,4646
Pays273,5917
Pays2033,8283
Pays4446,4018
Pays4704,5788
Pays416,3438
Pays2685,5272
Pays927,2383
Pays3316,6413
Pays4247,4503
Pays250,3223
Pays1525,4653
Pays4119,8504
Pays4560,9391
Pays4273,1318
Pays1410,3423
Pays3925,5489
Pays4964,3418
Pays1541,4794
Pays2599,3061
Pays790,5543
Pays3843,5738
Pays741,3602
Pays1296,7355
Pays899,4287
Pays24,4029
Pays744,9147
Pays3098,5949
Pays396,2858
Pays3156,6855
Pays2141,4841
Pays719,5537
Pays2617,4863
Pays2604,4631
Pays1203,5358
Pays13,2164
Pays1933,4853
Pays733,3730
Pays3918,7047
Pays346,3900
Pays401,3494
Pays1348,5016
Pays527,3521
Pays2209,4354
Pays3367,2450
Pays369,5359
Pays718,4372
Pays2419,3282
Pays2944,6786
Pays1416,4014
Pays2588,5209
Pays3969,6928
Pays2555,5044
Pays1374,2608
Pays2059,4854
Pays4668,6121
Pays856,4730
Pays145,4034
Pays2848,6031
Pays4842,6325
Pays4611,4006
Pays1768,2495
Pays2812,3153
Pays222,5054
Pays2185,4964
Pays3822,4430
Pays3700,4865
Pays2288,3375
Pays3856,4925
Pays184,3429
Pays4455,6897
Pays1702,5910
Pays2603,4792
Pays620,2929
Pays1808,4589
Pays2254,6578
Pays720,2894
Pays1385,6379
Pays1425,3317
Pays4547,4716
Pays2621,4607
Pays1171,6318
Pays3589,7015
Pays4521,3375
Pays3687,3396
Pays3550,3418
Pays3361,2831
Pays1432,6151
Pays2107,7071
Pays682,1581
Pays2224,8849
Pays4383,8888
Pays272,1754
Pays810,8727
Pays1970,4507
Pays4526,3823
Pays1670,4161
Pays4096,7060
Pays3771,6446
Pays3159,5189
Pays4467,3593
Pays4767,6723
Pays1294,3819
Pays2834,4872
Pays207,6221
Pays2029,6410
Pays1734,5620
Pays139,4508
Pays4373,6904
Pays502,5350
Pays864,3086
Pays2022,1641
Pays2915,2294
Pays3816,4958
Pays1707,6352
Pays1323,3409
Pays3290,6699
Pays1092,6200
Pays3883,9098
Pays3030,6069
Pays4828,6989
Pays1906,5993
Pays4289,5324
Pays1569,8099
Pays2947,5360
Pays453,3502
Pays1741,5639
Pays4071,4426
Pays3600,7591
Pays3261,8741
Pays2506,8707
Pays3874,7123
Pays695,6357
Pays3277,5223
Pays2207,5182
Pays777,5519
Pays2521,7885
Pays3436,6136
Pays1489,4876
Pays2181,3224
Pays1948,2516
Pays4733,5870
Pays1071,2345
Pays3995,4378
Pays634,5090
Pays1095,5852
Pays3926,3415
Pays2068,6952
Pays4138,3848
Pays717,6510
Pays1136,3961
Pays4824,5609
Pays2795,4515
Pays2965,6570
Pays1130,1690
Pays2407,4856
Pays4669,5715
Pays2946,8931
Pays4584,6641
Pays1908,3867
Pays4169,6666
Pays4153,6873
Pays1188,2297
Pays2300,9258
Pays4898,5729
Pays863,5405
Pays920,2707
Pays2741,4991
Pays4966,6383
Pays2314,3539
Pays2347,3491
Pays412,2702
Pays1927,5585
Pays2732,2835
Pays95,6066
Pays4755,2145
Pays2552,6129
Pays2511,4546
Pays2593,4908
Pays4447,4011
Pays1021,6460
Pays1237,5264
Pays2962,6463
Pays395,1615
Pays2146,4445
Pays4973,5629
Pays4745,8027
Pays220,4286
Pays621,1210
Pays1774,6148
Pays3854,3600
Pays3724,6250
Pays4620,8180
Pays2568,3712
Pays1331,3248
Pays2148,3159
Pays2151,4053
Pays3301,4997
Pays3714,5096
Pays590,3859
Pays3111,5393
Pays96,985
Pays4220,7983
Pays385,6694
Pays121,4607
Pays3249,4884
Pays2310,5014
Pays127,3115
Pays766,5814
Pays4956,7075
Pays2739,6738
Pays3627,3864
Pays423,7739
Pays242,6371
Pays3466,8237
Pays1440,5349
Pays3718,3732
Pays3419,8380
Pays838,4231
Pays4441,3240
Pays2063,2942
Pays4953,5124
Pays3416,5902
Pays454,7162
Pays2927,3233
Pays2316,5886
Pays739,5581
Pays2294,4696
Pays3626,5265
Pays3448,6260
Pays4806,7365
Pays2578,3835
Pays2512,6352
Pays3273,7160
Pays4214,4545
Pays754,3105
Pays2830,7361
Pays1199,5521
Pays1874,2628
Pays4899,5261
Pays3516,3372
Pays3242,3826
Pays4011,5374
Pays4658,3144
Pays1901,4548
Pays3011,5385
Pays339,3923
Pays2819,5087
Pays4532,7590
Pays1262,5333
Pays2597,8677
Pays83,3861
Pays3768,6020
Pays1653,5627
Pays946,5386
Pays2055,3988
Pays1583,10841
Pays2605,3292
Pays2586,5196
Pays2793,4470
Pays2371,1640
Pays2875,4174
Pays2167,3809
Pays283,2639
Pays1184,3223
Pays30,2233
Pays949,6393
Pays968,7812
Pays2589,5397
Pays4324,4200
Pays4389,4075
Pays1664,5869
Pays2723,7866
Pays3227,5589
Pays4958,3816
Pays666,5498
Pays3681,5374
Pays2469,4972
Pays2112,5064
Pays881,3213
Pays2175,4923
Pays3916,7021
Pays2803,6364
Pays4359,7898
Pays2058,3136
Pays4529,4151
Pays4674,5241
Pays1366,4382
Pays2336,3077
Pays3124,7485
Pays447,1562
Pays4830,3582
Pays2227,5999
Pays2728,1243
Pays1338,4969
Pays211,6658
Pays4610,3268
Pays1242,5066
Pays4929,8114
Pays616,4462
Pays1054,2793
Pays1647,5395
Pays261,6026
Pays1913,8334
Pays1577,4496
Pays684,4688
Pays3377,4638
Pays2894,2834
Pays4746,2655
Pays3107,2652
Pays1163,6942
Pays2448,4132
Pays4131,4499
Pays1757,2630
Pays2244,6496
Pays1877,3280
Pays2696,6506
Pays2929,3048
Pays1382,4102
Pays3,992
Pays4449,3679
Pays1886,5464
Pays330,3733
Pays2642,7069
Pays2861,7017
Pays1127,1619
Pays3588,5953
Pays4286,2193
Pays19,3214
Pays4128,5001
Pays4197,6221
Pays4092,8833
Pays3968,6192
Pays2114,5780
Pays4442,3879
Pays4285,4424
Pays998,5505
Pays1539,2809
Pays3846,6483
Pays3873,4657
Pays328,4256
Pays2859,5508
Pays3703,4438
Pays2851,2167
Pays3938,3137
Pays378,6399
Pays1402,3898
Pays2679,8656
Pays4189,2927
Pays4130,7444
Pays147,3520
Pays4295,5600
Pays3437,6522
Pays4067,6467
Pays628,6979
Pays3089,5758
Pays2102,5483
Pays3654,3986
Pays3099,4765
Pays2160,6901
Pays4936,3707
Pays4860,5565
Pays471,3804
Pays1929,4698
Pays1981,4518
Pays2613,3208
Pays1211,5537
Pays2902,7420
Pays1312,6536
Pays4105,7236
Pays2954,5543
Pays418,4081
Pays119,2976
Pays4368,4455
Pays2259,3518
Pays2037,2221
Pays1083,2713
Pays3683,4659
Pays2064,7058
Pays436,3750
Pays544,5597
Pays176,2629
Pays3658,3496
Pays1132,5300
Pays638,5720
Pays2121,5619
Pays515,1942
Pays1662,5744
Pays1759,3814
Pays662,3471
Pays198,3581
Pays3368,2728
Pays679,5450
Pays3222,6809
Pays4008,4965
Pays3590,6719
Pays106,6536
Pays4896,3195
Pays2290,4836
Pays315,4737
Pays4003,3851
Pays274,4709
Pays4534,4180
Pays2065,5236
Pays3023,3489
Pays3163,4761
Pays1572,4856
Pays3632,8261
Pays2856,2408
Pays3167,4142
Pays2864,5163
Pays1694,7928
Pays2258,5389
Pays632,2157
Pays4469,5703
Pays3226,5801
Pays3339,4186
Pays2195,8021
Pays4162,6431
Pays1354,4452
Pays4544,9351
Pays2369,1249
Pays3311,4756
Pays214,7331
Pays2806,3144
Pays3060,3162
Pays3999,4045
Pays3759,6145
Pays1536,2745
Pays482,3439
Pays2716,6849
Pays2706,5417
Pays3232,8338
Pays4201,5616
Pays3661,9325
Pays4409,4142
Pays3762,4030
Pays866,2790
Pays4703,4009
Pays3231,5446
Pays4061,8868
Pays2383,5283
Pays2823,2606
Pays4206,4070
Pays848,4077
Pays1994,3144
Pays4906,8876
Pays2429,3118
Pays3304,4591
Pays3217,8036
Pays561,5908
Pays1790,6312
Pays2869,4377
Pays1805,5534
Pays2200,5121
Pays3558,3424
Pays1424,4303
Pays3580,2877
Pays2364,7730
Pays2472,5932
Pays247,4604
Pays977,1409
Pays477,4730
Pays2524,6899
Pays3743,3609
Pays3131,6593
Pays505,3719
Pays4244,3412
Pays1277,3839
Pays4082,2993
Pays868,3271
Pays2287,5818
Pays1035,6888
Pays1176,4669
Pays816,3325
Pays2027,5997
Pays4386,4071
Pays4452,5167
Pays850,2168
Pays2673,4136
Pays2926,5937
Pays415,5749
Pays4541,5667
Pays3986,5896
Pays4920,5457
Pays2522,6527
Pays2296,6596
Pays4599,8131
Pays4897,3752
Pays4976,10097
Pays604,6034
Pays1468,3407
Pays2951,5016
Pays1900,6786
Pays3199,7232
Pays1067,2018
Pays1903,5468
Pays4979,5570
Pays2513,7845
Pays3776,2745
Pays2975,6688
Pays1825,5795
Pays2610,6014
Pays4527,4626
Pays4608,1699
Pays224,1345
Pays4076,6998
Pays937,7898
Pays1599,6436
Pays1056,5301
Pays2031,4939
Pays3135,5409
Pays4036,3891
Pays4240,5298
Pays2013,2491
Pays3630,6092
Pays910,3972
Pays2493,4105
Pays2275,6025
Pays2898,6049
Pays3404,3733
Pays3549,6029
Pays20,2948
Pays3575,7491
Pays470,4668
Pays1756,3760
Pays248,4990
Pays3577,4218
Pays2387,4703
Pays2654,8083
Pays4802,1298
Pays510,2484
Pays1716,3968
Pays1871,3396
Pays3742,7176
Pays2414,2457
Pays2527,2992
Pays3400,5304
Pays104,4186
Pays366,4716
Pays700,4736
Pays3685,2843
Pays1787,3828
Pays904,2843
Pays1659,2941
Pays4677,7587
Pays1528,4087
Pays3845,8054
Pays3704,4541
Pays2949,4476
Pays1687,6216
Pays4550,6934
Pays168,6766
Pays1185,4927
Pays4093,4371
Pays1579,4393
Pays586,1873
Pays3931,5864
Pays4402,3486
Pays1082,3742
Pays2070,2006
Pays197,4941
Pays2818,4109
Pays4855,2859
Pays2655,3157
Pays3057,5017
Pays2046,4862
Pays4625,7662
Pays1907,3903
Pays2710,5242
Pays2891,4869
Pays588,5996
Pays1329,6415
Pays1522,3792
Pays3813,4591
Pays1916,4447
Pays4882,4797
Pays830,4810
Pays1502,8107
Pays747,4075
Pays5,1461
Pays1505,6772
Pays2622,9179
Pays3464,4730
Pays4670,2482
Pays2973,4567
Pays2615,3386
Pays970,3369
Pays4212,3446
Pays3171,6188
Pays2575,8861
Pays4453,4192
Pays3744,4416
Pays2378,4536
Pays2011,3925
Pays655,1977
Pays2192,4085
Pays1820,6922
Pays3897,3793
Pays1612,2245
Pays4585,9389
Pays4196,3837
Pays4321,4958
Pays2006,3649
Pays110,2623
Pays3638,2366
Pays4013,5640
Pays801,4191
Pays4977,3773
Pays1586,5493
Pays3490,7399
Pays4249,6667
Pays4051,5488
Pays3106,7719
Pays2559,4299
Pays4616,7990
Pays3102,2774
Pays1455,7663
Pays2519,4340
Pays4974,3897
Pays2987,3427
Pays379,2456
Pays2914,2565
Pays4375,5113
Pays1016,2056
Pays1722,3769
Pays769,7502
Pays3108,6018
Pays2401,3985
Pays4231,6150
Pays1139,5803
Pays1552,6582
Pays1589,7769
Pays2714,5880
Pays4998,8988
Pays4708,3945
Pays1520,4740
Pays3390,4179
Pays3084,7040
Pays3817,6495
Pays2737,4642
Pays1342,4830
Pays3267,7321
Pays1732,4944
Pays1964,7074
Pays2727,5127
Pays3326,6678
Pays442,4291
Pays2735,5764
Pays4497,2465
Pays245,2311
Pays3701,8900
Pays3136,6021
Pays2183,3979
Pays4933,5787
Pays609,2252
Pays2777,3396
Pays4080,5518
Pays2748,6623
Pays210,2768
Pays872,3116
Pays4125,5316
Pays1258,5553
Pays1868,5046
Pays1815,8369
Pays2463,5683
Pays2113,3691
Pays4938,4530
Pays3669,7019
Pays131,5414
Pays2691,2735
Pays1560,5640
Pays1781,3589
Pays3031,6783
Pays1717,7436
Pays3049,5548
Pays397,2849
Pays2719,8248
Pays1987,6448
Pays4655,5109
Pays642,6135
Pays3540,5546
Pays2668,6737
Pays4118,5850
Pays1926,3982
Pays3470,4871
Pays3054,5789
Pays2905,7979
Pays3523,7473
Pays4422,3524
Pays2870,4820
Pays3214,6964
Pays843,4379
Pays2204,2977
Pays4837,3976
Pays4046,1702
Pays4167,5572
Pays209,2695
Pays3471,6781
Pays1168,4187
Pays4600,3024
Pays1276,3299
Pays748,800
Pays4525,7600
Pays348,3531
Pays3396,6416
Pays205,2023
Pays4831,5306
Pays3541,6919
Pays4054,3290
Pays3515,8176
Pays1652,3692
Pays474,4126
Pays1303,3161
Pays4856,5632
Pays1272,2858
Pays1711,2094
Pays2012,6733
Pays990,7411
Pays3457,8011
Pays4765,2824
Pays4782,4392
Pays1426,5198
Pays3616,4343
Pays2611,2719
Pays360,4271
Pays3007,6620
Pays3429,3773
Pays3254,5524
Pays4198,3465
Pays987,2077
Pays1177,3045
Pays2240,3266
Pays1287,4848
Pays4102,3461
Pays4662,7434
Pays3688,3347
Pays764,3595
Pays1069,2383
Pays92,3642
Pays3992,4014
Pays1629,4584
Pays4972,7093
Pays4407,3892
Pays4443,6093
Pays4173,7011
Pays3834,3075
Pays1365,6868
Pays3895,5419
Pays490,4491
Pays808,6431
Pays1546,7173
Pays278,3595
Pays2398,4084
Pays4322,4253
Pays4644,4082
Pays607,5758
Pays2017,4957
Pays1436,5448
Pays175,5013
Pays406,5140
Pays1870,3481
Pays3907,7728
Pays1739,3819
Pays495,3460
Pays699,5177
Pays3753,2284
Pays1872,7118
Pays47,4080
Pays2216,4681
Pays4693,4775
Pays1614,3686
Pays3545,5388
Pays3875,6603
Pays3510,5433
Pays4439,7948
Pays821,5013
Pays2502,3153
Pays3028,3685
Pays4731,4129
Pays2343,5025
Pays4581,4566
Pays3568,8361
Pays4087,3845
Pays2638,2916
Pays4414,5604
Pays4318,3335
Pays2844,2976
Pays1332,4883
Pays3327,5975
Pays2337,3125
Pays1048,5726
Pays1214,2326
Pays3101,5541
Pays3268,3642
Pays3579,8688
Pays1956,4563
Pays4440,6755
Pays4589,5220
Pays2968,2659
Pays3088,7101
Pays4465,5182
Pays3512,3378
Pays4037,3861
Pays4695,4096
Pays3170,5544
Pays1485,10089
Pays2985,5648
Pays2729,9232
Pays991,5062
Pays3362,3484
Pays3802,3331
Pays4112,2798
Pays103,1345
Pays98,3485
Pays1194,4025
Pays204,3251
Pays1850,5377
Pays4673,5521
Pays1049,2292
Pays1846,6074
Pays2504,7751
Pays80,1350
Pays2390,5587
Pays637,3443
Pays3583,7422
Pays1800,5062
Pays2872,6966
Pays3836,5331
Pays1912,5041
Pays4222,3802
Pays1682,2959
Pays4653,2532
Pays540,5478
Pays2620,4609
Pays64,4250
Pays772,3493
Pays4515,6694
Pays4818,5005
Pays114,3033
Pays4721,4410
Pays2545,6001
Pays3945,4891
Pays130,5357
Pays1786,5355
Pays2389,2511
Pays681,4410
Pays612,4037
Pays191,4402
Pays593,4343
Pays2514,4054
Pays2653,7340
Pays3348,5630
Pays1684,3940
Pays1343,3009
Pays1982,4966
Pays3755,6698
Pays2208,7719
Pays3985,5389
Pays297,2829
Pays761,5756
Pays14,1980
Pays2015,6471
Pays780,4985
Pays4006,7908
Pays951,3223
Pays3445,5906
Pays155,3356
Pays3562,6294
Pays1860,2148
Pays3474,4662
Pays2784,7651
Pays3565,4358
Pays3344,8695
Pays2999,2858
Pays4982,6950
Pays2846,7538
Pays3376,4073
Pays2211,6190
Pays2286,8792
Pays4707,8439
Pays1209,3106
Pays2935,4511
Pays3497,5527
Pays4023,7286
Pays885,5444
Pays1643,4419
Pays1110,4998
Pays2196,5989
Pays522,3885
Pays345,3690
Pays833,3090
Pays2447,3910
Pays876,4528
Pays3571,2762
Pays3494,6389
Pays3850,5275
Pays1247,3875
Pays3869,5447
Pays4473,4030
Pays405,4324
Pays3350,3921
Pays1399,3762
Pays3957,7028
Pays546,5357
Pays300,4446
Pays4854,5758
Pays1394,4753
Pays503,6466
Pays2979,7084
Pays4282,3934
Pays2630,5708
Pays3773,8781
Pays4408,7411
Pays1131,7450
Pays4027,5098
Pays591,3918
Pays2564,6446
Pays1314,5926
Pays344,2100
Pays2759,6991
Pays4549,5821
Pays2128,2502
Pays2430,8630
Pays4861,5905
Pays2847,6942
Pays1719,6273
Pays3251,7299
Pays4192,4397
Pays967,4641
Pays2041,898
Pays4558,5592
Pays1555,3711
Pays4543,5514
Pays3424,4453
Pays3064,5904
Pays2443,8201
Pays2740,5760
Pays1806,3698
Pays2517,8770
Pays78,2359
Pays1355,2513
Pays4070,2670
Pays3425,3927
Pays1327,7403
Pays726,5178
Pays4722,7669
Pays3399,3312
Pays4091,5280
Pays1460,4474
Pays1597,4644
Pays2746,4879
Pays1873,3059
Pays598,4585
Pays2672,7514
Pays4355,3134
Pays2333,7051
Pays4579,6509
Pays445,4497
Pays1510,4225
Pays4462,8092
Pays1897,2610
Pays3634,1259
Pays1070,4957
Pays897,7914
Pays2406,3670
Pays4656,6553
Pays4518,10739
Pays2745,4126
Pays1570,4481
Pays1221,8409
Pays1115,4722
Pays1476,5970
Pays3994,8376
Pays1998,3230
Pays3155,4897
Pays2000,2709
Pays458,3275
Pays4714,5597
Pays4143,5732
Pays3234,3573
Pays4634,4889
Pays4229,5915
Pays2718,8672
Pays2219,7239
Pays4464,5779
Pays928,3826
Pays1661,3784
Pays3085,7235
Pays4843,6314
Pays43,2349
Pays3533,6845
Pays1154,4362
Pays3351,4008
Pays670,3353
Pays736,5656
Pays608,1771
Pays2858,3426
Pays457,4111
Pays823,4150
Pays4045,6972
Pays4750,5066
Pays1602,6807
Pays4216,9038
Pays4726,2591
Pays4299,5142
Pays710,2313
Pays3912,5808
Pays2520,4093
Pays3139,6224
Pays4149,6422
Pays3506,3919
Pays2804,6598
Pays2641,3769
Pays1691,4286
Pays4697,5244
Pays461,6481
Pays4397,3337
Pays2005,5596
Pays2110,7474
Pays3265,8122
Pays331,2515
Pays3628,7883
Pays3117,3397
Pays4637,5703
Pays2715,7385
Pays2644,4018
Pays912,5790
Pays4448,2514
Pays115,1161
Pays3181,7299
Pays1273,4425
Pays338,3392
Pays1159,5177
Pays2454,4810
Pays1677,4598
Pays4946,6099
Pays4,1390
Pays1668,7213
Pays3563,4873
Pays2140,2748
Pays1438,3785
Pays1584,3926
Pays1243,6869
Pays938,4565
Pays2408,6388
Pays2756,5642
Pays2049,5173
Pays537,3782
Pays4345,4287
Pays3095,4775
Pays1431,5522
Pays358,2085
Pays2722,4312
Pays1925,6356
Pays514,2004
Pays3765,7583
Pays2155,5208
Pays3809,3840
Pays7,803
Pays958,4402
Pays1791,3781
Pays2073,4609
Pays792,5449
Pays1565,3887
Pays108,4710
Pays2255,6294
Pays1306,4369
Pays1775,4465
Pays2501,6712
Pays185,2940
Pays2010,6577
Pays1346,3420
Pays1333,5122
Pays909,3130
Pays589,8005
Pays2476,6748
Pays3830,4929
Pays659,2618
Pays4741,9469
Pays3781,2876
Pays246,3718
Pays1692,2499
Pays2087,2528
Pays2518,3734
Pays2188,7651
Pays1397,5016
Pays59,4943
Pays993,6760
Pays512,3258
Pays4815,7143
Pays3246,6241
Pays437,5288
Pays3857,6477
Pays2531,3377
Pays952,5894
Pays3201,6728
Pays3323,4639
Pays729,3897
Pays2743,3949
Pays1100,3103
Pays506,707
Pays1980,5185
Pays132,2735
Pays4783,4313
Pays1180,3470
Pays2895,2979
Pays3760,5277
Pays1675,5259
Pays1189,5803
Pays3728,6857
Pays1195,4426
Pays2945,4566
Pays3258,7374
Pays3980,3827
Pays1434,5126
Pays4631,6100
Pays4186,4170
Pays1592,8290
Pays3169,5579
Pays1951,3287
Pays2547,5749
Pays87,4005
Pays1027,2955
Pays2384,3764
Pays3636,7952
Pays2669,6311
Pays253,1606
Pays2466,6381
Pays4215,5653
Pays2377,4679
Pays1205,2382
Pays3657,6470
Pays79,3186
Pays3203,5885
Pays1735,8046
Pays1001,7666
Pays803,1783
Pays4387,7668
Pays4913,3521
Pays1373,6645
Pays2236,5655
Pays2212,4756
Pays1733,5885
Pays41,2589
Pays3826,6281
Pays238,4018
Pays2959,2862
Pays2838,6621
Pays4910,3903
Pays3973,3352
Pays2608,1055
Pays3210,3409
Pays9,742
Pays4563,3562
Pays2651,4551
Pays688,8821
Pays4253,5871
Pays3898,6567
Pays4106,7118
Pays321,3257
Pays368,2628
Pays916,2249
Pays2036,3008
Pays128,5441
Pays1554,3617
Pays81,3130
Pays3138,5195
Pays743,3765
Pays4242,5291
Pays4844,5872
Pays390,3657
Pays1822,3600
Pays3576,5613
Pays4597,8039
Pays438,4856
Pays3096,7952
Pays723,3468
Pays2453,4838
Pays377,4377
Pays4332,3889
Pays4014,8208
Pays4370,3818
Pays4170,7192
Pays311,2158
Pays3328,6264
Pays4944,8112
Pays4971,6089
Pays2184,5126
Pays2882,5887
Pays3183,8245
Pays4208,4674
Pays3934,4543
Pays468,3231
Pays1802,6752
Pays1882,4584
Pays567,5964
Pays1568,3681
Pays4952,4673
Pays249,1494
Pays48,4170
Pays4378,4229
Pays4921,2737
Pays2772,6857
Pays4699,7837
Pays3005,3921
Pays1765,7005
Pays3063,7206
Pays1123,5141
Pays371,4244
Pays1085,6076
Pays3808,7537
Pays159,6442
Pays1116,2436
Pays1673,4942
Pays2656,6424
Pays879,4955
Pays2584,5581
Pays4175,5946
Pays152,4124
Pays1884,2219
Pays3858,5553
Pays2098,6894
Pays1894,3378
Pays2700,4377
Pays1462,4063
Pays3674,2689
Pays4360,5600
Pays182,3167
Pays327,4681
Pays216,2825
Pays735,2343
Pays1152,5067
Pays1630,3988
Pays3914,4259
Pays548,5692
Pays891,9211
Pays2405,4541
Pays3787,3463
Pays781,1944
Pays3892,6200
Pays3733,4876
Pays3702,5334
Pays3960,8838
Pays524,3635
Pays565,3440
Pays3947,6090
Pays2182,7138
Pays91,3011
Pays2095,2789
Pays2468,3672
Pays1529,6252
Pays422,5030
Pays1625,3433
Pays3100,4364
Pays4060,4520
Pays1319,6170
Pays3935,3041
Pays1257,3399
Pays601,6813
Pays1339,6745
Pays3274,9414
Pays1466,5006
Pays3780,10059
Pays1064,7643
Pays1639,4704
Pays3245,6059
Pays1283,3908
Pays4476,4924
Pays3354,3028
Pays945,7265
Pays3570,6008
Pays2540,3372
Pays4181,6316
Pays619,5788
Pays3996,7684
Pays799,5484
Pays1219,4896
Pays2783,4571
Pays1904,4474
Pays1727,5863
Pays4886,2526
Pays4483,8885
Pays3633,3066
Pays364,2371
Pays1621,3155
Pays2395,4831
Pays1309,7919
Pays4090,2933
Pays2571,4085
Pays3605,4861
Pays2177,4508
Pays4546,5766
Pays3791,6097
Pays2607,2314
Pays3009,6680
Pays4841,4258
Pays2164,3974
Pays3435,5329
Pays728,3349
Pays1909,6343
Pays276,4419
Pays382,3553
Pays4524,4329
Pays2039,6629
Pays1372,3824
Pays4865,9129
Pays4764,3462
Pays1298,6817
Pays2161,7434
Pays707,4283
Pays1826,3164
Pays2633,5160
Pays882,7453
Pays2223,3971
Pays2873,4122
Pays3270,3358
Pays3450,4216
Pays4747,4239
Pays1752,3039
Pays1172,4439
Pays2126,6769
Pays2460,7213
Pays508,2975
Pays2357,6029
Pays3276,3136
Pays3386,5260
Pays2072,3693
Pays3197,3597
Pays768,4020
Pays547,4784
Pays2473,6017
Pays3919,8036
Pays4761,6155
Pays3746,4324
Pays2081,4731
Pays1406,5262
Pays3380,5960
Pays2474,6230
Pays2726,7788
Pays1773,6967
Pays4686,5654
Pays1093,2783
Pays4916,5265
Pays2001,5715
Pays3125,7420
Pays957,4301
Pays4124,4153
Pays277,3855
Pays2932,3791
Pays2307,7807
Pays1558,5661
Pays4150,4766
Pays3924,4026
Pays213,7359
Pays2627,3702
Pays2171,3339
Pays2600,6385
Pays1125,6805
Pays1778,5821
Pays4319,4905
Pays2218,6120
Pays820,5599
Pays3280,2530
Pays4021,3666
Pays3756,2696
Pays3357,4041
Pays3184,4305
Pays712,4428
Pays4738,7677
Pays63,5324
Pays2170,7398
Pays528,3074
Pays2590,5417
Pays1574,806
Pays4510,6360
Pays3876,7237
Pays1823,7125
Pays124,5147
Pays2764,5313
Pays693,3231
Pays1117,4341
Pays2530,10131
Pays2594,2719
Pays3298,4417
Pays1793,4583
Pays4290,2141
Pays4702,5592
Pays1686,7381
Pays2677,7522
Pays3862,4558
Pays2018,3903
Pays1738,4788
Pays1852,4290
Pays4582,7614
Pays800,3708
Pays1923,6961
Pays4709,6760
Pays4326,3366
Pays2135,5724
Pays1363,4493
Pays1814,6396
Pays4183,4848
Pays3271,5099
Pays3666,6870
Pays1435,5521
Pays1813,6252
Pays3559,4924
Pays4204,4498
Pays2886,7279
Pays1097,5710
Pays1832,4094
Pays1834,3286
Pays1995,8002
Pays2090,2703
Pays3770,3840
Pays1760,6045
Pays4985,5970
Pays2426,8230
Pays4718,3626
Pays1472,7679
Pays2490,4291
Pays4918,7930
Pays3778,4342
Pays1029,7102
Pays4735,6449
Pays705,6107
Pays3686,7670
Pays2093,7174
Pays3253,6145
Pays4099,6976
Pays2734,7957
Pays2897,4897
Pays3137,4632
Pays120,5597
Pays1891,4866
Pays3785,6103
Pays4374,8786
Pays3140,6229
Pays4790,3887
Pays1767,4011
Pays1271,6143
Pays3081,4568
Pays2940,7786
Pays3569,4888
Pays1430,5203
Pays1044,3619
Pays3002,7968
Pays483,4496
Pays4619,3043
Pays3614,4581
Pays4194,5834
Pays530,2992
Pays4852,3894
Pays4978,8476
Pays386,2176
Pays4248,1724
Pays1197,8951
Pays1494,2601
Pays3208,4326
Pays4881,4520
Pays3696,4986
Pays964,5476
Pays1004,3943
Pays1542,4110
Pays4614,7619
Pays4659,3938
Pays3877,7175
Pays2601,4173
Pays575,5552
Pays3067,5224
Pays4287,7111
Pays551,4466
Pays3071,9623
Pays353,7242
Pays1482,7243
Pays4463,1639
Pays1893,5667
Pays556,7454
Pays3332,3906
Pays1391,3442
Pays2268,3928
Pays2690,5101
Pays3195,4952
Pays3461,3421
Pays3308,7637
Pays4596,8415
Pays3529,6052
Pays4320,5570
Pays3821,4262
Pays3501,6721
Pays737,4451
Pays4900,4851
Pays1715,3326
Pays2829,9051
Pays944,4427
Pays4176,4921
Pays1844,3952
Pays4275,3469
Pays1706,6535
Pays2086,5460
Pays504,1896
Pays2265,3970
Pays884,7836
Pays2127,8337
Pays4268,3363
Pays3250,4818
Pays2272,3720
Pays2380,2780
Pays1604,4484
Pays2636,6681
Pays4719,5563
Pays625,6466
Pays1831,4375
Pays2457,5820
Pays4484,8077
Pays1770,2587
Pays4482,4174
Pays3486,6055
Pays4997,5928
Pays3237,5517
Pays3735,5262
Pays756,6652
Pays1284,3860
Pays3544,4719
Pays3757,5578
Pays3168,4953
Pays4390,7483
Pays1698,7205
Pays3288,7592
Pays1566,3092
Pays2702,5834
Pays550,4609
Pays2908,4727
Pays1090,1586
Pays3775,3776
Pays3963,1361
Pays4846,2778
Pays4891,5601
Pays1881,7173
Pays4472,9425
Pays4314,7152
Pays4111,8036
Pays3988,5446
Pays667,3696
Pays4825,3951
Pays3829,5188
Pays1496,3916
Pays2592,3240
Pays1378,6141
Pays4432,8567
Pays4514,7455
Pays1532,7924
Pays3951,7248
Pays1587,1730
Pays4647,4258
Pays2881,4462
Pays4303,6788
Pays3622,2667
Pays657,7996
Pays947,5374
Pays1442,3071
Pays4586,3550
Pays1979,3873
Pays4725,3963
Pays569,3282
Pays1540,4143
Pays4223,7552
Pays2792,8940
Pays4435,7372
Pays2781,4459
Pays1140,4737
Pays2778,1715
Pays2554,6910
Pays4545,3502
Pays1549,2585
Pays663,4800
Pays3518,9767
Pays4035,6574
Pays3668,2730
Pays1941,5104
Pays644,4291
Pays4475,4054
Pays4179,5176
Pays969,3610
Pays4178,7178
Pays2595,5686
Pays3147,4368
Pays4005,4463
Pays572,2286
Pays1838,4536
Pays753,6889
Pays2632,2389
Pays4909,4258
Pays4684,5383
Pays1609,5015
Pays3740,5119
Pays4103,3719
Pays2863,6434
Pays597,6632
Pays1531,4727
Pays4959,4738
Pays3421,4234
Pays148,4995
Pays3481,6375
Pays2319,3101
Pays2080,4789
Pays4791,4188
Pays2284,2275
Pays4086,1899
Pays1229,1931
Pays322,3155
Pays488,5896
Pays4337,4405
Pays3352,3159
Pays1080,3986
Pays4354,8985
Pays1063,5900
Pays4980,2128
Pays3146,3534
Pays3257,3328
Pays388,4077
Pays3933,1596
Pays3451,5072
Pays3455,5580
Pays3962,5638
Pays980,4353
Pays2117,4935
Pays1075,3495
Pays2906,6209
Pays3811,9411
Pays3961,4643
Pays4912,6873
Pays3948,2704
Pays4924,6408
Pays424,5265
Pays2197,5483
Pays2775,4352
Pays2078,993
Pays349,4219
Pays1961,4283
Pays3000,4309
Pays404,5146
Pays840,2929
Pays4085,4343
Pays4241,8852
Pays1824,6034
Pays1484,4191
Pays2694,2345
Pays192,5737
Pays3520,6020
Pays2800,3454
Pays4230,6867
Pays4358,4301
Pays3505,6362
Pays2295,4150
Pays3130,6504
Pays2494,4018
Pays789,4544
Pays4917,6137
Pays2766,3726
Pays3269,5355
Pays4015,6849
Pays4671,2204
Pays4265,7001
Pays4380,5830
Pays4935,7496
Pays2187,3036
Pays931,4604
Pays4822,6272
Pays2305,4783
Pays2753,4352
Pays4000,5017
Pays4895,5447
Pays1649,4149
Pays2570,5589
Pays535,4255
Pays3019,6095
Pays4347,6428
Pays3922,6131
Pays3129,6965
Pays1133,6334
Pays1428,4108
Pays1028,4556
Pays3953,3186
Pays4062,7220
Pays2399,4075
Pays1487,4104
Pays4346,6053
Pays2047,2533
Pays701,7165
Pays2791,7858
Pays3508,5125
Pays4334,3344
Pays2598,7088
Pays918,5589
Pays4466,5533
Pays4266,2982
Pays1634,4016
Pays1690,4328
Pays4866,4089
Pays1862,5672
Pays1202,6716
Pays8,1425
Pays4109,4858
Pays1014,7029
Pays3684,6981
Pays4040,7859
Pays574,2217
Pays1515,5645
Pays2883,2963
Pays1966,7348
Pays3596,4548
Pays979,7354
Pays491,5280
Pays459,4262
Pays914,5874
Pays4588,2667
Pays2329,6384
Pays2470,5686
Pays4986,7572
Pays1162,7247
Pays2150,2537
Pays2320,1350
Pays4477,3594
Pays234,2692
Pays3782,4525
Pays1101,6789
Pays4996,4494
Pays2688,5606
Pays2373,7353
Pays2174,8087
Pays3487,4281
Pays4567,3611
Pays2765,6375
Pays3173,1772
Pays4827,7562
Pays3982,5783
Pays2116,3237
Pays4200,5682
Pays1407,5155
Pays1061,5529
Pays2440,6801
Pays4281,5535
Pays355,5699
Pays1575,4600
Pays2553,3572
Pays1968,1899
Pays3609,5875
Pays1254,5416
Pays3649,5642
Pays3058,4454
Pays2191,5079
Pays3465,6910
Pays2948,6398
Pays2665,5314
Pays3803,5707
Pays1433,6739
Pays354,5044
Pays738,4188
Pays2814,5050
Pays1859,5262
Pays2971,4703
Pays819,4472
Pays1230,4671
Pays1615,6504
Pays4867,2812
Pays42,2519
Pays1297,9722
Pays4562,4102
Pays3885,7335
Pays2323,4273
Pays2887,6576
Pays4366,7046
Pays3906,4371
Pays2619,4656
Pays117,4500
Pays2628,8171
Pays4780,3289
Pays1415,2212
Pays218,5838
Pays653,6975
Pays1922,8225
Pays2348,3212
Pays2425,5395
Pays2326,3173
Pays3679,4523
Pays1548,4788
Pays4165,4037
Pays4207,4847
Pays3415,7730
Pays475,5989
Pays1143,4068
Pays1453,3336
Pays3325,4211
Pays933,3562
Pays1561,8103
Pays2312,5131
Pays4777,9863
Pays1206,3954
Pays3178,4745
Pays400,2957
Pays2278,5605
Pays2956,5232
Pays4491,4494
Pays1368,5380
Pays1467,2622
Pays1581,6106
Pays2832,4674
Pays1108,4767
Pays194,4677
Pays309,3758
Pays1648,6627
Pays1794,2849
Pays2779,3015
Pays2978,7619
Pays3598,7024
Pays3806,4108
Pays1936,5758
Pays894,4759
Pays290,4884
Pays1413,2285
Pays3697,4798
Pays4411,7213
Pays1364,6297
Pays3716,4454
Pays2934,2660
Pays3282,6811
Pays2550,6453
Pays849,4963
Pays4565,5960
Pays523,2247
Pays3056,4633
Pays2260,4943
Pays1924,10727
Pays854,6444
Pays1866,5678
Pays2421,3970
Pays1755,4032
Pays1270,6414
Pays2488,4789
Pays4878,3798
Pays2957,4100
Pays2363,4976
Pays3152,2927
Pays2062,2499
Pays2676,9313
Pays1007,2978
Pays1248,4654
Pays3599,4683
Pays1210,4944
Pays1945,4542
Pays3220,5078
Pays4485,5677
Pays284,3801
Pays2526,7297
Pays3207,8024
Pays4343,4039
Pays1263,4531
Pays4800,7060
Pays1169,6140
Pays4847,6010
Pays1501,5571
Pays384,3730
Pays2021,3144
Pays4744,6658
Pays4258,5532
Pays1623,4275
Pays2274,5079
Pays2317,4986
Pays689,4973
Pays2828,4713
Pays4363,6210
Pays1037,4627
Pays3727,3269
Pays4729,8194
Pays1680,3344
Pays3790,4204
Pays3342,1121
Pays89,1455
Pays2382,8057
Pays1962,2945
Pays2868,6742
Pays4400,5043
Pays746,6371
Pays1564,2664
Pays1959,7238
Pays1976,7377
Pays2998,5740
Pays3230,6896
Pays3489,3930
Pays2085,7951
Pays3522,2299
Pays3488,6761
Pays4578,2254
Pays4875,5262
Pays1463,5629
Pays4624,3731
Pays129,1638
Pays498,6055
Pays1062,7360
Pays798,4551
Pays1930,2715
Pays3865,5862
Pays804,3981
Pays3324,3774
Pays4391,4298
Pays4501,4802
Pays2318,4954
Pays3983,6266
Pays1888,4190
Pays2089,5307
Pays3663,6819
Pays2002,5060
Pays1235,4405
Pays2609,6402
Pays3370,4323
Pays2313,5463
Pays935,4539
Pays1803,5657
Pays1112,5355
Pays1255,8240
Pays2916,7234
Pays1985,4195
Pays3397,6894
Pays2712,8607
Pays536,4608
Pays1464,3076
Pays2303,3734
Pays2481,7758
Pays3644,6678
Pays3838,3554
Pays1396,5717
Pays3036,3926
Pays1969,5490
Pays3374,3396
Pays1622,4806
Pays1024,2492
Pays1598,5440
Pays4893,3747
Pays151,4481
Pays1807,7881
Pays3388,6405
Pays2639,5928
Pays1535,4389
Pays831,3169
Pays3042,11347
Pays562,5252
Pays4660,3560
Pays690,3654
Pays4384,6851
Pays3172,8248
Pays3309,2573
Pays2507,6532
Pays3205,4251
Pays623,5156
Pays1939,5478
Pays1986,5152
Pays3024,3600
Pays3976,3696
Pays44,3149
Pays2761,3876
Pays2482,6484
Pays4114,4170
Pays4943,5252
Pays4713,3370
Pays4717,7054
Pays4089,2975
Pays4621,5575
Pays3942,7242
Pays1816,6390
Pays3498,3648
Pays4939,3219
Pays2876,8380
Pays1492,6370
Pays3798,5716
Pays2816,3937
Pays1228,3779
Pays3517,4649
Pays2705,4881
Pays2771,3933
Pays3940,4367
Pays4595,4122
Pays3554,5612
Pays2751,4232
Pays2019,7940
Pays3766,4216
Pays1810,6322
Pays2048,4536
Pays429,4306
Pays1645,7988
Pays3283,4638
Pays4737,6477
Pays1729,7083
Pays16,2521
Pays1562,3350
Pays602,2934
Pays2988,3081
Pays1883,3757
Pays3754,3674
Pays45,1990
Pays1918,6201
Pays2083,4111
Pays3475,8593
Pays1657,4331
Pays4727,6580
Pays4508,3882
Pays3772,3630
Pays1943,3230
Pays4328,5990
Pays3118,5449
Pays3330,9275
Pays55,2963
Pays4626,6627
Pays1259,4514
Pays722,4699
Pays3035,6572
Pays3383,6272
Pays4506,8370
Pays4965,6664
Pays3211,8043
Pays4975,4244
Pays2939,6112
Pays3480,4731
Pays446,3044
Pays2471,4577
Pays1047,5291
Pays2874,6569
Pays1104,1604
Pays1174,6775
Pays652,5512
Pays1974,4520
Pays2931,2942
Pays3110,6375
Pays2270,8302
Pays1292,7207
Pays3624,7745
Pays302,3940
Pays1626,4195
Pays164,3715
Pays3188,3196
Pays4300,3892
Pays217,2883
Pays3890,2672
Pays1285,3413
Pays2350,5721
Pays4381,3132
Pays1392,5248
Pays2237,4505
Pays122,6988
Pays3403,2993
Pays3977,6327
Pays414,4467
Pays1953,3515
Pays4431,2906
Pays90,6591
Pays4664,8638
Pays136,2542
Pays230,3761
Pays782,1846
Pays3353,6195
Pays376,6451
Pays4357,8656
Pays3133,8491
Pays613,2949
Pays1509,3480
Pays3401,8915
Pays3810,7850
Pays3905,5443
Pays2659,6943
Pays243,3226
Pays3678,3061
Pays3449,3743
Pays160,4591
Pays2560,4522
Pays4203,5179
Pays1072,6946
Pays1019,5178
Pays2760,4851
Pays2282,4770
Pays4460,5288
Pays1012,5980
Pays1369,3050
Pays3911,4319
Pays2955,5273
Pays4651,5754
Pays1191,2542
Pays1688,4915
Pays1957,5202
Pays2014,3615
Pays511,8563
Pays1777,5101
Pays4081,8123
Pays785,1720
Pays2888,6404
Pays3531,4895
Pays3026,6286
Pays2450,3540
Pays2966,5849
Pays4553,6906
Pays4291,7725
Pays1952,2857
Pays280,3562
Pays570,3210
Pays1975,7206
Pays3213,6982
Pays212,4385
Pays334,3214
Pays1658,4755
Pays2591,7165
Pays4957,7597
Pays3262,6260
Pays1299,7610
Pays2893,4206
Pays4771,2640
Pays520,4882
Pays986,2720
Pays3166,3990
Pays3347,6875
Pays2953,3887
Pays2156,7088
Pays1251,4612
Pays3899,4987
Pays4533,2971
Pays244,2197
Pays2199,6759
Pays4132,4292
Pays298,3657
Pays387,5826
Pays1942,4673
Pays3317,3331
Pays4050,9752
Pays21,3832
Pays1573,6234
Pays411,4640
Pays4315,5286
Pays1601,8360
Pays2118,6366
Pays2149,3800
Pays4002,11545
Pays2301,6478
Pays2189,5483
Pays2733,9034
Pays305,4809
Pays4075,5374
Pays3847,2557
Pays4690,6064
Pays878,2881
Pays3410,5875
Pays3338,1840
Pays72,4097
Pays1347,2832
Pays2686,6658
Pays1150,4014
Pays757,5182
Pays2052,4168
Pays4932,4544
Pays1335,2886
Pays3012,10187
Pays1754,5771
Pays2991,3278
Pays434,2558
Pays633,4509
Pays3192,2544
Pays125,4204
Pays268,4950
Pays1473,3595
Pays3122,9369
Pays417,2797
Pays2340,2285
Pays2428,4840
Pays4857,5318
Pays2681,3845
Pays3572,5835
Pays2558,3122
Pays2995,6273
Pays2077,2687
Pays892,2772
Pays1190,3803
Pays2096,4597
Pays1474,5256
Pays332,2142
Pays1099,7669
Pays2165,9105
Pays4743,6720
Pays893,5077
Pays2257,2106
Pays4601,5828
Pays357,2896
Pays2515,3285
Pays4685,1738
Pays3428,5779
Pays1051,5388
Pays4056,5261
Pays4284,6506
Pays770,4932
Pays2484,6033
Pays308,3316
Pays2892,5323
Pays3020,5632
Pays3151,5701
Pays611,3378
Pays3104,7319
Pays4048,6428
Pays1175,4089
Pays51,3166
Pays579,5613
Pays37,1004
Pays4561,9867
Pays144,2321
Pays2703,3702
Pays4160,6200
Pays3443,7222
Pays4276,2627
Pays3460,7350
Pays4385,6830
Pays1624,5004
Pays2100,6818
Pays3015,3674
Pays67,5711
Pays107,3718
Pays2222,5429
Pays3929,5614
Pays167,5842
Pays142,2107
Pays2799,6961
Pays4605,7511
Pays1084,3241
Pays1819,3070
Pays2125,8525
Pays4172,6335
Pays1417,3562
Pays3800,4662
Pays4279,7129
Pays2332,4317
Pays636,5502
Pays1749,2315
Pays1301,5747
Pays714,5271
Pays1723,6467
Pays2976,3293
Pays2217,5847
Pays3913,4102
Pays4849,3202
Pays1077,7127
Pays54,5011
Pays3047,5230
Pays2436,5527
Pays2413,3925
Pays4100,5478
Pays3441,1642
Pays1060,2353
Pays146,4445
Pays4026,1895
Pays2768,3878
Pays4205,4412
Pays4367,5263
Pays3233,4272
Pays846,2894
Pays765,8589
Pays788,4709
Pays2857,5169
Pays4556,9797
Pays342,4735
Pays3676,4958
Pays4066,6382
Pays3454,7405
Pays1857,3255
Pays4260,6255
Pays1444,6533
Pays841,4733
Pays3908,3916
Pays288,7760
Pays1145,5368
Pays1747,3290
Pays499,3189
Pays4618,7552
Pays3828,3639
Pays4641,10003
Pays2825,5439
Pays421,4345
Pays4129,4502
Pays4992,6849
Pays1181,4610
Pays4710,6279
Pays834,4334
Pays3519,5495
Pays646,3874
Pays1146,3578
Pays4930,6212
Pays324,5574
Pays2789,6211
Pays4307,3160
Pays1393,8515
Pays758,2544
Pays1032,4570
Pays533,4735
Pays1720,3333
Pays2810,2279
Pays2580,7063
Pays4353,5037
Pays3478,5571
Pays4649,5963
Pays3055,5120
Pays692,1608
Pays3592,7161
Pays4571,3681
Pays363,1595
Pays4182,6435
Pays4776,4754
Pays4069,7084
Pays4872,4973
Pays965,2834
Pays3371,8293
Pays2273,3171
Pays2596,6271
Pays343,2381
Pays2438,3282
Pays4059,6303
Pays1563,4274
Pays4271,5927
Pays3114,5657
Pays4030,5508
Pays3162,6232
Pays3263,7595
Pays4884,5157
Pays1801,7062
Pays4034,3855
Pays1053,8835
Pays2437,5357
Pays3894,4402
Pays4754,4944
Pays3732,5129
Pays1616,4312
Pays1030,2404
Pays3993,7297
Pays3032,4155
Pays1497,4595
Pays1879,3194
Pays3221,6607
Pays1249,7391
Pays1516,3924
Pays4652,5443
Pays517,2202
Pays4009,7022
Pays2042,5631
Pays4989,5073
Pays4444,5161
Pays629,6515
Pays2060,7500
Pays402,3165
Pays661,6685
Pays271,4359
Pays2557,4040
Pays4470,1480
Pays2503,5021
Pays196,3500
Pays3119,4607
Pays215,4750
Pays1387,8053
Pays4237,4455
Pays1313,4806
Pays2950,4534
Pays4401,7630
Pays3839,4721
Pays2643,4905
Pays1944,7249
Pays2243,6780
Pays4759,5520
Pays2562,4181
Pays3930,4181
Pays4829,4311
Pays86,802
Pays1217,4070
Pays907,4844
Pays2942,3601
Pays3456,2463
Pays4531,6037
Pays4819,8931
Pays137,1945
Pays1238,5302
Pays2271,5683
Pays2997,8150
Pays4919,7974
Pays187,2676
Pays3179,10379
Pays832,6353
Pays1079,4678
Pays2163,5407
Pays1638,3947
Pays3044,3143
Pays3126,6891
Pays3359,5434
Pays2374,7102
Pays3279,2929
Pays426,6105
Pays1212,5050
Pays4509,8262
Pays2537,2919
Pays2434,5636
Pays1486,5009
Pays3882,4666
Pays1817,5769
Pays4772,5090
Pays452,8029
Pays1376,6052
Pays27,2676
Pays4481,7646
Pays439,4104
Pays1367,6514
Pays3284,3608
Pays3150,10314
Pays3430,4120
Pays3675,5367
Pays2099,5670
Pays3535,4043
Pays3061,4270
Pays641,6226
Pays229,3123
Pays978,4401
Pays1530,5832
Pays2304,7670
Pays409,5020
Pays1042,5425
Pays2361,5753
Pays2937,5738
Pays3252,7489
Pays4642,7225
Pays3655,3465
Pays4663,10179
Pays2508,3338
Pays919,4353
Pays3736,7365
Pays3073,5579
Pays2969,5104
Pays286,4562
Pays310,7229
Pays1863,3758
Pays1890,5367
Pays1513,4494
Pays3116,6245
Pays3153,6626
Pays1932,3510
Pays2412,6283
Pays3604,3287
Pays32,2405
Pays1325,5184
Pays374,5477
Pays11,1594
Pays566,5012
Pays3682,3944
Pays1751,6751
Pays943,5966
Pays3076,3258
Pays4412,9468
Pays4437,6456
Pays4864,4867
Pays4779,1653
Pays76,5432
Pays4794,4493
Pays2267,7915
Pays3337,6186
Pays293,5163
Pays225,8052
Pays3229,6696
Pays4574,3318
Pays2232,4473
Pays2057,7448
Pays4675,5915
Pays3413,6574
Pays1591,3748
Pays1160,3256
Pays1550,6403
Pays2432,3393
Pays3075,3365
Pays3372,4250
Pays4559,4232
Pays4163,7485
Pays4349,1958
Pays2993,3632
Pays292,5353
Pays291,6739
Pays1350,6638
Pays711,6407
Pays3904,4654
Pays380,8374
Pays2889,3564
Pays1761,2881
Pays871,6157
Pays1161,7374
Pays4333,8007
Pays1041,2746
Pays3206,6884
Pays464,4669
Pays381,5050
Pays361,8146
Pays3405,2092
Pays2855,5458
Pays3193,6778
Pays3382,7292
Pays824,6090
Pays2773,4385
Pays161,2158
Pays1322,6773
Pays1849,4854
Pays3066,5633
Pays3581,3280
Pays4638,4213
Pays143,5808
Pays1260,6341
Pays1631,4688
Pays686,8316
Pays1404,4544
Pays3244,7292
Pays2269,4052
Pays2071,8049
Pays4024,5721
Pays4097,4455
Pays2423,4930
Pays4870,5642
Pays2811,6094
Pays4498,4074
Pays962,6938
Pays888,5640
Pays1155,6271
Pays4421,10389
Pays352,2594
Pays4632,4014
Pays2415,4967
Pays4763,5120
Pays1712,6775
Pays989,3848
Pays4436,6453
Pays1713,5288
Pays3602,3860
Pays466,4604
Pays4250,4375
Pays1488,3916
Pays1835,3239
Pays1889,7225
Pays4728,6196
Pays1753,4661
Pays887,2732
Pays4104,6923
Pays2692,5032
Pays3306,2679
Pays4154,3447
Pays1068,3286
Pays266,3412
Pays2854,7738
Pays2984,2682
Pays1151,5211
Pays3891,3765
Pays1192,2793
Pays1109,3608
Pays3144,5031
Pays2911,4191
Pays2352,1748
Pays3115,6048
Pays3103,6584
Pays2459,5662
Pays3561,7317
Pays2252,8171
Pays4209,2001
Pays1103,2518
Pays1780,6794
Pays4210,3557
Pays1142,5788
Pays1911,3927
Pays1193,4127
Pays26,3540
Pays4984,4795
Pays3458,7906
Pays3302,7551
Pays4043,5931
Pays1789,4506
Pays1059,6040
Pays1681,7431
Pays2689,5472
Pays732,3116
Pays4433,2891
Pays4427,2200
Pays2920,6486
Pays109,2797
Pays489,3925
Pays232,3426
Pays1915,5087
Pays2129,4290
Pays100,2641
Pays3796,4729
Pays2291,6598
Pays2821,7589
Pays751,7010
Pays1345,3336
Pays2711,5796
Pays3468,7929
Pays36,2209
Pays4424,8277
Pays4858,6781
Pays2573,4465
Pays1646,6703
Pays4001,2911
Pays4228,2071
Pays1533,5962
Pays2567,4625
Pays553,1946
Pays1627,7616
Pays755,4762
Pays1336,3672
Pays2220,7127
Pays4364,6981
Pays4792,6642
Pays2044,3974
Pays4700,6833
Pays1693,5990
Pays901,4834
Pays1419,7136
Pays433,4091
Pays4602,5396
Pays1821,3671
Pays1931,4522
Pays4576,5840
Pays3158,2359
Pays3730,6141
Pays3567,3773
Pays4116,6353
Pays465,2738
Pays2788,3437
Pays82,3266
Pays1833,2408
Pays3832,4407
Pays170,5763
Pays3603,4293
Pays3840,10652
Pays4079,6676
Pays1847,5570
Pays1818,6144
Pays2843,7397
Pays954,5211
Pays3069,7359
Pays895,3824
Pays2142,6052
Pays1170,3875
Pays950,8257
Pays1764,5614
Pays2907,4650
Pays1266,2995
Pays3763,7339
Pays973,3379
Pays4428,5612
Pays1124,2556
Pays2458,8005
Pays2717,6058
Pays3729,7261
Pays1389,5608
Pays1898,8281
Pays4940,6835
Pays3215,6416
Pays178,3781
Pays3672,2881
Pays929,2330
Pays763,8432
Pays771,4768
Pays2123,6996
Pays1128,6435
Pays3659,7722
Pays420,5249
Pays4573,4372
Pays4694,3402
Pays202,1606
Pays1984,2556
Pays3611,4393
Pays4513,4435
Pays2738,3624
Pays4144,6590
Pays1000,7909
Pays1842,4379
Pays3835,5540
Pays316,4281
Pays3433,3498
Pays2115,3387
Pays4941,3960
Pays716,3170
Pays2134,3831
Pays672,7197
Pays2168,3231
Pays880,4711
Pays1954,3872
Pays1748,7297
Pays2820,8045
Pays419,3661
Pays479,4110
Pays650,3526
Pays3018,4833
Pays133,3445
Pays4623,5235
Pays1523,3112
Pays2201,8422
Pays3072,4496
Pays577,3802
Pays1250,2937
Pays3225,6707
Pays3080,2724
Pays3444,5856
Pays4302,7851
Pays4836,3790
Pays889,2166
Pays3185,3127
Pays1771,2967
Pays3467,2272
Pays1178,3232
Pays3795,5205
Pays4016,2961
Pays1640,4845
Pays626,2807
Pays3427,3785
Pays2239,5360
Pays3648,6250
Pays563,8049
Pays4234,1843
Pays1222,2979
Pays2145,8312
Pays3236,6311
Pays702,1597
Pays3620,4769
Pays1288,3347
Pays4296,6291
Pays4340,3141
Pays3389,6397
Pays2233,3399
Pays2682,4321
Pays1504,5611
Pays263,3828
Pays822,2527
Pays4999,8359
Pays921,4712
Pays3059,5392
Pays3784,3075
Pays3928,4052
Pays2368,3906
Pays3017,1384
Pays4095,4829
Pays4566,3406
Pays673,3539
Pays3593,5184
Pays2532,4928
Pays3312,5854
Pays1798,6720
Pays123,4307
Pays1471,3457
Pays1201,2886
Pays4306,3257
Pays3741,4713
Pays3705,4546
Pays410,6618
Pays4894,9494
Pays2215,4513
Pays3391,5740
Pays3650,6950
Pays3417,5605
Pays4517,4322
Pays3198,5461
Pays1421,6177
Pays3989,5705
Pays1973,3512
Pays4774,4901
Pays2020,3149
Pays3543,3194
Pays113,4807
Pays4269,5938
Pays1743,9781
Pays3708,5571
Pays4991,5276
Pays2050,6144
Pays4555,5932
Pays982,3937
Pays1239,4570
Pays165,5131
Pays3764,3640
Pays18,2900
Pays4304,3348
Pays3275,7813
Pays1512,3629
Pays3671,2727
Pays1033,3886
Pays4575,4742
Pays983,2748
Pays3936,4271
Pays3293,8895
Pays3711,9137
Pays4925,4541
Pays2576,6426
Pays2899,5253
Pays3623,4631
Pays669,5830
Pays2879,5354
Pays4590,6173
Pays4398,9519
Pays4570,6419
Pays4395,4527
Pays2351,3804
Pays4161,3501
Pays2328,1980
Pays4752,5791
Pays448,4588
Pays1655,5321
Pays2767,5022
Pays4341,5012
Pays4507,2916
Pays456,4160
Pays2367,3794
Pays134,1578
Pays3442,1636
Pays3513,10130
Pays3553,7553
Pays1703,5912
Pays4950,8000
Pays2194,5770
Pays2618,1795
Pays3453,3866
Pays3748,6597
Pays4430,5026
Pays3094,4305
Pays2028,8588
Pays4478,8164
Pays2943,5391
Pays335,7100
Pays2623,2509
Pays1545,4259
Pays2053,2281
Pays156,1621
Pays1403,4892
Pays1619,4391
Pays473,3028
Pays3341,6447
Pays1672,6316
Pays3083,9013
Pays4164,3044
Pays1725,2457
Pays2813,4950
Pays3008,2855
Pays15,2915
Pays478,4508
Pays1641,2686
Pays606,4427
Pays2708,7129
Pays102,2782
Pays886,5200
Pays1456,6787
Pays394,3349
Pays3712,4782
Pays2079,3470
Pays399,3070
Pays1183,6265
Pays3292,6203
Pays525,6312
Pays1017,4736
Pays2119,5772
Pays3548,2055
Pays4029,3367
Pays2805,3944
Pays2441,3279
Pays1420,5274
Pays450,6103
Pays1293,4739
Pays2154,6390
Pays1594,6462
Pays3493,4478
Pays713,1748
Pays1334,5614
Pays4814,6875
Pays126,6532
Pays484,4118
Pays135,3209
Pays3923,6625
Pays4185,9000
Pays4538,6836
Pays578,4691
Pays2917,3929
Pays4801,7317
Pays4911,5923
Pays913,5173
Pays2839,1664
Pays2649,5066
Pays4990,4497
Pays1179,3129
Pays4499,3967
Pays1895,5228
Pays1138,4881
Pays658,4275
Pays2910,5969
Pays1120,5332
Pays1746,5603
Pays1740,5071
Pays4820,4821
Pays301,4444
Pays1422,6221
Pays3788,3466
Pays4723,4857
Pays4022,3612
Pays1769,3907
Pays3574,4786
Pays3097,3288
Pays236,4099
Pays4594,3844
Pays3801,3372
Pays3228,5820
Pays926,2475
Pays4113,8351
Pays4028,3497
Pays496,6018
Pays2833,6859
Pays118,3840
Pays851,2439
Pays270,1255
Pays2662,5109
Pays375,2715
Pays2467,7815
Pays173,5236
Pays1330,3762
Pays1361,2862
Pays1362,5403
Pays4032,5845
Pays1644,5243
Pays2461,7732
Pays2402,5381
Pays1018,4784
Pays1113,4688
Pays3086,3307
Pays3408,5770
Pays299,6289
Pays4394,3592
Pays4158,5924
Pays635,9172
Pays4903,9199
Pays4309,10413
Pays3621,2858
Pays1469,4991
Pays4256,3641
Pays3751,5014
Pays4758,4706
Pays811,5141
Pays2640,6490
Pays1938,3595
Pays2210,4299
Pays3013,5223
Pays4885,3840
Pays740,6260
Pays1632,5368
Pays839,5331
Pays2822,2887
Pays1038,7705
Pays4654,4336
Pays793,2162
Pays802,3719
Pays350,3509
Pays4471,5271
Pays1098,5341
Pays2660,1796
Pays1742,3170
Pays3870,5471
Pays4425,7437
Pays603,2245
Pays585,5149
Pays2582,3725
Pays94,6263
Pays509,2146
Pays4171,6714
Pays584,3041
Pays3091,7281
Pays906,5903
Pays2925,8423
Pays2120,5761
Pays3717,5422
Pays985,2867
Pays2293,4825
Pays3920,7853
Pays4372,1964
Pays3149,3091
Pays2334,7180
Pays2699,6020
Pays4065,2525
Pays389,5898
Pays2238,6286
Pays680,2511
Pays3699,6712
Pays3092,4845
Pays4025,6224
Pays1679,3801
Pays4770,5713
Pays4227,6009
Pays4120,5288
Pays4769,5180
Pays4356,5392
Pays3219,4920
Pays4835,4650
Pays4821,8868
Pays1829,5730
Pays2159,9103
Pays3677,6252
Pays1772,8890
Pays2624,4269
Pays2355,5721
Pays4848,5522
Pays3530,5425
Pays1990,6682
Pays1919,4197
Pays3642,6990
Pays2339,3746
Pays3615,6482
Pays3855,6137
Pays4698,4404
Pays4423,5135
Pays4797,4535
Pays955,5262
Pays557,2620
Pays1519,7333
Pays529,4063
Pays4458,5667
Pays932,2920
Pays2247,3125
Pays4101,4426
Pays444,8560
Pays573,5334
Pays3314,4864
Pays4262,2505
Pays4535,3078
Pays2572,5575
Pays709,4891
Pays1087,6493
Pays2924,6912
Pays4630,2885
Pays2704,5120
Pays3640,4490
Pays867,5234
Pays3949,5278
Pays2478,4938
Pays2664,5879
Pays3848,4227
Pays2322,5770
Pays3959,5562
Pays3695,3386
Pays3093,7169
Pays1158,2484
Pays294,3926
Pays1839,7674
Pays4277,6252
Pays835,4925
Pays3689,2783
Pays3970,6318
Pays2631,2629
Pays3745,7169
Pays3378,2719
Pays4376,5272
Pays2776,4761
Pays4017,4994
Pays3903,4986
Pays4259,6493
Pays4540,2281
Pays318,2190
Pays111,1655
Pays3303,4878
Pays847,2221
Pays4488,2447
Pays2091,5452
Pays734,5924
Pays3698,4952
Pays3979,5594
Pays3860,6891
Pays4679,8098
Pays4740,6778
Pays4523,8939
Pays4041,9874
Pays4657,4561
Pays2205,6141
Pays4255,5410
Pays171,2803
Pays696,6492
Pays1020,6641
Pays172,2634
Pays398,3142
Pays1666,4152
Pays3452,3139
Pays649,1384
Pays647,6089
Pays3105,4225
Pays939,2826
Pays2279,1127
Pays1295,5170
Pays1490,7725
Pays2354,3806
Pays4604,6615
Pays2372,7621
Pays2392,5519
Pays2579,8218
Pays2612,7645
Pays3003,6700
Pays1381,3534
Pays2683,5217
Pays1705,5844
Pays4612,10077
Pays68,3945
Pays2299,5156
Pays2289,3971
Pays4445,4159
Pays1245,6079
Pays1665,4331
Pays568,3493
Pays1928,2594
Pays2486,5961
Pays3305,7987
Pays99,5230
Pays4235,3943
Pays1052,8331
Pays4593,3562
Pays1543,5098
Pays2509,3049
Pays1875,3673
Pays3909,4874
Pays1223,5607
Pays3259,7545
Pays4134,3823
Pays1795,7145
Pays2122,6639
Pays22,2566
Pays2551,6592
Pays791,5141
Pays1978,8282
Pays3068,4148
Pays2680,6026
Pays4883,5798
Pays640,5303
Pays4922,3434
Pays2731,7091
Pays3601,5227
Pays2842,6571
Pays4520,5072
Pays93,2888
Pays3900,7340
Pays2344,7179
Pays2972,3428
Pays2152,7772
Pays4577,4247
Pays583,7220
Pays3954,3632
Pays1111,7367
Pays3597,4115
Pays996,5632
Pays1483,4861
Pays2206,6305
Pays587,3781
Pays2004,3774
Pays855,3046
Pays1304,4622
Pays2446,5071
Pays1796,5471
Pays4078,6269
Pays1635,3709
Pays3343,5851
Pays3082,4324
Pays4461,4359
Pays4583,6249
Pays2646,3571
Pays3564,3982
Pays1073,6103
Pays3527,3796
Pays3966,6808
Pays2587,6501
Pays2035,7291
Pays2671,4375
Pays1628,5861
Pays2172,4646
Pays4338,4904
Pays934,4708
Pays1359,4797
Pays2306,7185
Pays1147,7001
Pays289,3270
Pays1241,4360
Pays1620,2177
Pays2661,5360
Pays3191,6147
Pays3670,3114
Pays2652,2639
Pays3420,6318
Pays1008,5398
Pays2409,5660
Pays430,1797
Pays2449,4528
Pays2852,4685
Pays2025,7540
Pays2234,4977
Pays903,3158
Pays2043,5830
Pays1864,6623
Pays2302,6159
Pays2381,5274
Pays3783,5939
Pays4928,2694
Pays2231,6427
Pays3511,7076
Pays2583,4615
Pays2327,1507
Pays1880,7233
Pays2349,9284
Pays4202,5883
Pays4823,4788
Pays3823,8662
Pays1538,7153
Pays2360,7509
Pays2808,5980
Pays3412,4807
Pays4931,3125
Pays858,4311
Pays4141,4983
Pays4420,1867
Pays870,4002
Pays481,5571
Pays3256,5479
Pays2166,1610
Pays443,4078
Pays2385,6663
Pays2067,6033
Pays3998,4226
Pays1667,3761
Pays2933,5062
Pays1164,5370
Pays1013,6379
Pays4351,2481
Pays664,4866
Pays162,5216
Pays2308,3489
Pays3090,7141
Pays2359,3774
Pays2026,6555
Pays3364,5663
Pays2782,5242
Pays4622,4227
Pays3310,8352
Pays3473,7183
Pays3820,3425
Pays2497,5049
Pays1766,3003
Pays4038,9443
Pays940,4843
Pays1352,6277
Pays206,4890
Pays403,4933
Pays3048,2515
Pays1921,868
Pays3278,4707
Pays814,6903
Pays4297,4263
Pays995,3020
Pays4696,4282
Pays312,4937
Pays2054,3667
Pays4511,6006
Pays1096,2578
Pays1375,3622
Pays1865,4899
Pays1006,4135
Pays1300,3296
Pays1443,2849
Pays4312,9758
Pays4224,6478
Pays77,4396
Pays3321,7928
Pays1055,2155
Pays1452,5176
Pays4278,4146
Pays1965,3330
Pays1861,4893
Pays2132,8508
Pays656,4785
Pays2840,4630
Pays4530,9625
Pays494,4848
Pays3315,6879
Pays4868,4791
Pays4459,5124
Pays915,8134
Pays285,2906
Pays760,5576
Pays4492,4632
Pays1843,3113
Pays188,4981
Pays961,4787
Pays592,2692
Pays2008,4831
Pays2730,6055
Pays2967,9374
Pays2989,3750
Pays513,4258
Pays1337,4344
Pays3157,5342
Pays1633,4838
Pays687,2048
Pays4094,5918
Pays4688,6696
Pays1058,5181
Pays2101,4634
Pays1853,6259
Pays4817,4264
Pays1758,7017
Pays4554,3056
Pays3307,4433
Pays4645,2709
Pays1269,4414
Pays1977,7378
Pays3637,4481
Pays428,4054
Pays2970,7296
Pays1265,2917
Pays2492,3256
Pays1380,3621
Pays4705,4116
Pays4142,4614
Pays731,3232
Pays4494,4640
Pays157,6828
Pays543,3298
Pays1360,2482
Pays4174,3355
Pays4392,4364
Pays730,5603
Pays1225,7959
Pays2479,2608
Pays1841,7773
Pays1010,6435
Pays3145,5633
Pays326,4218
Pays2684,9678
Pays3087,4813
Pays3946,7264
Pays1441,7139
Pays1057,3916
Pays1792,5106
Pays3950,4523
Pays4799,7880
Pays2801,2534
Pays2330,4371
Pays1015,4212
Pays2365,8693
Pays992,3090
Pays2901,5314
Pays1585,5587
Pays1940,5443
Pays1105,4298
Pays3266,5365
Pays4839,5168
Pays1992,2649
Pays3204,4876
Pays3939,7580
Pays3375,2026
Pays2143,2537
Pays2379,3763
Pays534,4504
Pays3975,7291
Pays1220,5079
Pays1517,6298
Pays2480,4986
Pays4450,2685
Pays654,1710
Pays2878,4631
Pays3932,7700
Pays1135,2560
Pays231,2537
Pays827,7606
Pays3866,6457
Pays4927,5944
Pays2827,3657
Pays4261,4967
Pays4418,3828
Pays1308,1886
Pays4122,8070
Pays1401,6907
Pays3406,5374
Pays3635,4108
Pays4960,9459
Pays50,1419
Pays559,6377
Pays1848,1999
Pays492,3994
Pays599,7396
Pays721,4389
Pays3863,6762
Pays794,4483
Pays2147,7250
Pays1246,4457
Pays703,3535
Pays3051,5575
Pays3109,7114
Pays4798,6755
Pays2342,3471
Pays177,1895
Pays539,5492
Pays552,2713
Pays1695,7801
Pays3483,8324
Pays4786,5502
Pays4083,4875
Pays862,4737
Pays4416,4876
Pays1050,4559
Pays576,3278
Pays2248,4852
Pays582,3481
Pays2645,3171
Pays1461,2468
Pays1282,2762
Pays1571,5539
Pays2536,3116
Pays2283,5082
Pays2871,6196
Pays3175,5703
Pays3792,7416
Pays480,3679
Pays1618,3868
Pays4970,7252
Pays1427,4045
Pays1837,4815
Pays1730,9202
